1999,5,Titans,Bulldogs,Eels,Panthers,Dragons,Rabbitohs,Warriors,Raiders,Knights,SeaEagles,Sharks,Cowboys,Broncos,Storm,Roosters,Tigers
13.00,5.00,1.84,19.35,2.04,13.00
12.00,9.00,1.23,24.99,4.36,12.00
1.00,10.00,2.61,22.33,1.52,10.00
2.00,14.00,5.31,26.82,1.17,14.00
0.00,11.00,2.53,21.31,1.55,11.00
8.00,4.00,2.13,20.53,1.75,4.00
13.00,3.00,2.12,19.20,1.77,3.00
6.00,7.00,1.50,21.10,2.69,6.00
5.00,15.00,1.30,22.98,3.69,5.00
4.00,1.00,1.52,20.36,2.58,1.00
10.00,8.00,1.25,25.21,3.95,10.00
14.00,12.00,1.46,21.14,2.74,12.00
0.00,13.00,2.75,23.14,1.45,13.00
7.00,5.00,2.62,22.16,1.51,7.00
11.00,2.00,1.49,19.81,2.70,11.00
6.00,3.00,1.71,19.96,2.16,6.00
15.00,9.00,1.49,21.10,2.65,15.00
7.00,14.00,2.79,21.60,1.46,7.00
1.00,6.00,2.57,19.92,1.53,1.00
10.00,11.00,1.34,21.71,3.38,10.00
15.00,4.00,1.69,18.87,2.23,4.00
3.00,8.00,1.29,24.29,3.78,8.00
13.00,2.00,1.22,24.88,4.48,13.00
9.00,0.00,1.45,20.78,2.84,0.00
12.00,5.00,1.93,19.20,1.93,12.00
13.00,10.00,1.46,18.33,2.80,10.00
7.00,15.00,1.56,19.65,2.51,15.00
2.00,4.00,2.60,19.86,1.52,2.00
9.00,1.00,1.50,20.39,2.72,9.00
0.00,3.00,3.06,23.20,1.40,3.00
5.00,14.00,1.91,18.77,1.95,14.00
6.00,8.00,1.32,23.38,3.52,6.00
11.00,12.00,2.09,19.74,1.79,11.00
3.00,7.00,1.45,19.15,2.79,3.00
10.00,9.00,1.33,22.11,3.40,9.00
14.00,11.00,1.21,23.40,4.48,14.00
2.00,0.00,1.70,19.08,2.18,2.00
4.00,6.00,1.39,20.14,3.06,6.00
5.00,13.00,2.14,18.78,1.72,5.00
8.00,15.00,2.02,18.87,1.83,15.00
1.00,12.00,3.67,21.83,1.29,1.00
14.00,4.00,1.63,20.15,2.36,14.00
0.00,6.00,2.33,19.93,1.65,0.00
13.00,7.00,1.30,23.59,3.65,13.00
5.00,2.00,1.22,23.44,4.46,5.00
9.00,3.00,2.47,18.59,1.57,3.00
1.00,15.00,3.02,19.80,1.41,1.00
11.00,8.00,1.53,19.82,2.57,11.00
12.00,10.00,1.66,19.49,2.28,12.00
9.00,14.00,2.70,19.69,1.50,14.00
6.00,13.00,2.61,19.78,1.52,13.00
11.00,4.00,2.41,19.55,1.59,4.00
15.00,5.00,3.41,23.53,1.33,15.00
8.00,0.00,1.84,19.81,2.01,8.00
12.00,3.00,1.78,18.06,2.11,12.00
10.00,7.00,1.46,19.23,2.82,10.00
2.00,1.00,1.63,19.17,2.35,2.00
0.00,14.00,2.09,19.73,1.80,14.00
4.00,15.00,1.37,20.81,3.26,15.00
12.00,6.00,1.58,20.19,2.49,6.00
7.00,11.00,1.55,20.12,2.55,7.00
9.00,13.00,2.08,19.67,1.81,13.00
1.00,5.00,4.09,23.55,1.26,5.00
8.00,2.00,2.11,19.94,1.78,8.00
3.00,10.00,2.59,19.53,1.55,10.00
0.00,12.00,2.15,19.28,1.74,12.00
1.00,7.00,2.85,19.24,1.44,7.00
3.00,6.00,2.73,19.20,1.50,3.00
13.00,4.00,1.57,19.51,2.49,13.00
5.00,11.00,1.33,23.70,3.48,5.00
15.00,0.00,1.50,19.97,2.71,0.00
12.00,7.00,1.68,18.87,2.29,12.00
8.00,1.00,1.51,20.14,2.68,1.00
3.00,9.00,1.35,21.70,3.30,9.00
14.00,13.00,2.26,19.33,1.69,13.00
6.00,10.00,1.78,19.19,2.12,10.00
4.00,2.00,1.30,23.70,3.69,4.00
15.00,7.00,2.03,18.04,1.87,7.00
8.00,13.00,3.88,22.36,1.28,13.00
10.00,12.00,1.56,19.40,2.56,12.00
4.00,9.00,1.27,21.95,4.04,4.00
1.00,0.00,1.58,19.84,2.50,0.00
14.00,3.00,1.75,19.23,2.19,14.00
11.00,6.00,2.14,19.03,1.79,6.00
2.00,5.00,4.04,23.92,1.27,5.00
1.00,4.00,3.22,20.61,1.39,4.00
13.00,12.00,1.50,20.77,2.69,13.00
10.00,15.00,1.50,19.77,2.72,10.00
2.00,11.00,2.86,20.74,1.46,2.00
8.00,14.00,3.29,23.43,1.35,14.00
9.00,6.00,2.16,19.86,1.75,6.00
0.00,5.00,2.48,22.76,1.58,5.00
7.00,3.00,2.01,19.67,1.86,3.00
14.00,15.00,2.08,19.49,1.80,14.00
2.00,8.00,1.49,19.69,2.76,8.00
5.00,10.00,2.45,18.60,1.61,5.00
9.00,11.00,1.67,18.54,2.29,11.00
15.00,1.00,1.57,19.00,2.56,15.00
8.00,10.00,2.56,20.69,1.55,10.00
3.00,4.00,2.11,19.27,1.79,3.00
6.00,5.00,2.10,19.59,1.79,5.00
14.00,0.00,1.29,24.34,3.82,14.00
11.00,13.00,2.12,20.23,1.78,13.00
7.00,9.00,1.65,19.15,2.36,7.00
12.00,2.00,1.46,20.30,2.84,12.00
10.00,1.00,1.45,19.99,2.89,10.00
4.00,7.00,1.36,21.24,3.27,4.00
13.00,9.00,1.47,21.65,2.81,9.00
11.00,5.00,2.20,19.89,1.72,5.00
0.00,8.00,1.76,19.72,2.14,0.00
12.00,14.00,2.53,20.78,1.55,12.00
2.00,6.00,1.73,18.60,2.15,6.00
3.00,15.00,1.57,20.55,2.49,3.00
7.00,10.00,1.56,20.81,2.55,10.00
5.00,4.00,2.34,20.32,1.66,5.00
9.00,12.00,2.61,21.23,1.54,9.00
13.00,0.00,1.16,29.58,5.62,13.00
6.00,14.00,1.90,17.79,2.00,14.00
1.00,2.00,2.01,20.01,1.86,1.00
8.00,3.00,2.08,20.64,1.81,3.00
15.00,11.00,1.93,19.97,1.94,15.00
14.00,9.00,1.29,21.73,3.79,14.00
4.00,13.00,1.78,20.55,2.12,4.00
10.00,2.00,1.85,20.39,2.04,10.00
6.00,15.00,1.53,21.03,2.61,6.00
7.00,0.00,1.37,24.11,3.24,7.00
3.00,11.00,1.88,20.42,1.99,11.00
8.00,5.00,2.56,20.67,1.55,5.00
12.00,1.00,1.41,20.99,3.07,12.00
2.00,15.00,2.10,20.17,1.80,2.00
11.00,7.00,1.45,20.43,2.84,7.00
0.00,10.00,2.16,20.89,1.75,10.00
3.00,1.00,1.57,20.50,2.52,3.00
9.00,8.00,1.53,20.01,2.62,8.00
5.00,12.00,1.54,21.06,2.61,12.00
13.00,6.00,1.40,23.12,3.12,13.00
4.00,14.00,1.73,19.03,2.22,4.00
10.00,3.00,2.20,18.59,1.73,10.00
2.00,9.00,2.14,19.27,1.76,2.00
11.00,0.00,1.40,20.62,3.08,11.00
15.00,8.00,1.51,20.33,2.67,8.00
5.00,7.00,1.60,20.09,2.45,5.00
12.00,13.00,2.34,19.32,1.65,13.00
6.00,4.00,2.60,19.42,1.58,6.00
1.00,14.00,2.56,20.40,1.55,14.00
9.00,15.00,1.59,20.56,2.47,15.00
3.00,0.00,1.45,23.49,2.87,3.00
7.00,2.00,1.57,20.33,2.50,7.00
11.00,1.00,1.32,21.27,3.55,1.00
6.00,12.00,1.45,20.32,2.90,12.00
4.00,10.00,1.48,20.32,2.77,4.00
13.00,8.00,1.29,24.66,3.77,13.00
14.00,5.00,1.38,24.16,3.20,5.00
2.00,3.00,2.55,20.79,1.56,3.00
0.00,9.00,2.25,20.88,1.70,0.00
8.00,12.00,2.18,20.48,1.76,8.00
6.00,11.00,1.83,20.39,2.06,6.00
15.00,13.00,2.97,23.50,1.42,15.00
4.00,5.00,1.32,24.28,3.62,4.00
10.00,14.00,2.15,19.84,1.77,14.00
7.00,1.00,1.80,20.52,2.11,7.00
15.00,2.00,1.85,19.00,2.06,15.00
12.00,0.00,1.25,24.08,4.28,0.00
4.00,8.00,1.31,22.64,3.59,4.00
9.00,7.00,1.56,22.35,2.54,9.00
14.00,6.00,1.26,24.77,4.10,6.00
10.00,13.00,2.72,21.18,1.51,10.00
5.00,1.00,1.72,20.11,2.23,5.00
11.00,3.00,1.26,23.87,4.10,3.00
14.00,8.00,1.35,23.62,3.39,14.00
0.00,4.00,2.85,21.50,1.47,4.00
2.00,10.00,1.86,19.18,2.04,10.00
5.00,9.00,2.29,21.25,1.68,5.00
7.00,6.00,1.80,20.54,2.10,6.00
15.00,12.00,2.35,20.10,1.66,12.00
1.00,3.00,2.31,20.69,1.68,1.00
13.00,11.00,1.62,20.16,2.42,13.00
7.00,8.00,1.61,21.55,2.45,8.00
9.00,2.00,1.85,20.72,2.03,9.00
13.00,15.00,1.13,31.92,6.26,15.00
3.00,5.00,1.39,24.14,3.12,3.00
6.00,0.00,1.31,23.85,3.59,6.00
12.00,11.00,2.23,19.95,1.72,12.00
14.00,1.00,1.33,23.44,3.45,14.00
10.00,4.00,1.96,20.33,1.93,4.00
0.00,7.00,2.31,20.72,1.67,0.00
3.00,2.00,1.97,20.24,1.91,3.00
1.00,13.00,3.14,22.09,1.40,13.00
5.00,6.00,1.47,21.03,2.85,6.00
15.00,14.00,4.00,27.11,1.27,15.00
11.00,10.00,1.67,20.76,2.31,11.00
8.00,9.00,1.93,19.95,1.95,8.00
4.00,12.00,1.70,20.51,2.28,4.00
13.00,11.00,1.28,21.36,3.89,13.00
14.00,11.00,1.37,19.87,3.23,11.00
13.00,12.00,1.28,23.62,3.83,13.00
2.00,11.00,1.38,20.42,3.17,11.00
12.00,3.00,1.42,20.06,2.97,12.00
10.00,11.00,1.35,22.44,3.27,11.00
9.00,3.00,1.58,19.71,2.46,3.00
13.00,2.00,1.18,26.64,4.89,13.00
14.00,12.00,1.61,20.29,2.39,14.00
15.00,6.00,1.32,22.67,3.45,15.00
4.00,1.00,1.36,23.14,3.17,1.00
8.00,10.00,3.24,24.55,1.35,10.00
13.00,7.00,1.26,23.86,3.91,13.00
9.00,3.00,1.68,20.34,2.25,9.00
14.00,0.00,1.05,37.45,9.13,14.00
2.00,5.00,1.10,28.62,6.95,2.00
11.00,12.00,2.58,19.59,1.53,12.00
3.00,4.00,1.51,20.68,2.60,4.00
6.00,9.00,2.48,20.87,1.56,9.00
10.00,14.00,2.01,19.07,1.85,14.00
13.00,5.00,1.13,30.45,5.92,13.00
0.00,1.00,1.84,19.96,2.00,1.00
15.00,11.00,2.46,20.12,1.58,11.00
7.00,8.00,1.14,28.43,5.65,7.00
12.00,2.00,1.26,23.51,3.95,2.00
1.00,9.00,4.34,25.37,1.22,1.00
7.00,3.00,1.48,19.52,2.73,3.00
11.00,10.00,2.21,19.75,1.69,10.00
14.00,15.00,1.18,27.85,4.89,14.00
8.00,13.00,3.88,23.92,1.26,13.00
12.00,4.00,1.23,26.44,4.18,12.00
5.00,6.00,1.36,23.43,3.17,5.00
2.00,0.00,1.17,27.50,5.09,2.00
15.00,9.00,2.92,22.47,1.42,15.00
6.00,7.00,3.47,23.27,1.31,7.00
3.00,11.00,1.51,19.89,2.67,3.00
13.00,14.00,1.36,20.69,3.24,13.00
4.00,0.00,1.34,21.30,3.25,4.00
12.00,10.00,1.51,20.53,2.63,12.00
2.00,8.00,1.19,28.19,4.72,8.00
5.00,1.00,1.60,20.44,2.38,5.00
3.00,15.00,1.38,23.22,3.05,3.00
9.00,14.00,2.03,18.42,1.82,9.00
10.00,7.00,1.61,19.00,2.38,7.00
0.00,12.00,3.06,23.37,1.38,12.00
8.00,6.00,1.92,18.47,1.91,8.00
11.00,13.00,2.56,19.99,1.53,13.00
4.00,5.00,1.45,22.20,2.79,5.00
1.00,2.00,2.77,19.47,1.47,2.00
0.00,15.00,1.36,23.49,3.13,15.00
13.00,9.00,1.46,22.00,2.76,13.00
14.00,11.00,1.67,19.88,2.25,14.00
5.00,7.00,1.90,18.69,1.95,7.00
8.00,4.00,4.07,23.11,1.24,8.00
2.00,12.00,2.75,19.77,1.47,2.00
6.00,10.00,2.35,19.39,1.62,10.00
3.00,1.00,1.46,19.46,2.80,3.00
15.00,2.00,3.43,22.28,1.32,2.00
4.00,9.00,2.10,19.19,1.77,4.00
11.00,6.00,1.28,21.52,3.75,11.00
7.00,13.00,2.82,21.39,1.45,13.00
3.00,0.00,1.53,20.20,2.55,3.00
10.00,5.00,1.32,21.55,3.44,10.00
14.00,8.00,1.18,26.79,4.90,14.00
12.00,1.00,1.30,22.26,3.56,12.00
5.00,11.00,2.45,20.23,1.57,11.00
9.00,15.00,1.16,28.31,4.99,9.00
0.00,10.00,2.23,19.64,1.68,0.00
8.00,12.00,3.44,25.03,1.33,12.00
7.00,4.00,1.46,20.92,2.78,7.00
6.00,3.00,1.49,20.00,2.70,3.00
1.00,8.00,1.40,22.92,2.96,1.00
13.00,2.00,2.40,20.89,1.59,2.00
3.00,9.00,1.83,20.49,2.00,3.00
14.00,5.00,2.37,20.14,1.61,14.00
5.00,3.00,2.27,20.01,1.66,5.00
8.00,15.00,1.61,18.53,2.36,15.00
7.00,11.00,1.48,19.30,2.69,11.00
9.00,6.00,1.38,23.34,3.06,9.00
14.00,10.00,1.75,19.98,2.11,10.00
12.00,13.00,2.36,20.53,1.61,13.00
0.00,4.00,2.00,19.25,1.84,0.00
2.00,1.00,1.41,21.84,2.95,2.00
10.00,9.00,1.66,19.65,2.27,9.00
4.00,8.00,1.21,26.59,4.42,4.00
14.00,13.00,1.28,23.24,3.72,14.00
7.00,12.00,1.48,20.54,2.71,12.00
11.00,3.00,2.10,19.37,1.77,11.00
15.00,0.00,2.15,20.53,1.72,0.00
6.00,1.00,1.59,20.11,2.41,6.00
2.00,4.00,1.63,19.87,2.33,2.00
10.00,15.00,1.30,22.95,3.53,10.00
13.00,11.00,1.62,20.08,2.36,13.00
5.00,0.00,1.31,22.61,3.48,5.00
1.00,4.00,2.91,20.97,1.42,1.00
15.00,14.00,4.56,26.82,1.20,14.00
2.00,11.00,2.06,19.81,1.80,11.00
3.00,7.00,1.80,20.14,2.03,3.00
0.00,6.00,1.82,18.53,2.01,6.00
12.00,5.00,1.24,24.74,4.09,12.00
9.00,8.00,1.14,28.96,5.52,9.00
10.00,13.00,1.66,17.19,2.30,13.00
1.00,3.00,2.26,19.87,1.67,3.00
9.00,7.00,2.02,18.87,1.82,9.00
11.00,0.00,1.49,21.62,2.69,11.00
14.00,12.00,1.70,20.03,2.20,14.00
4.00,15.00,1.23,25.04,4.30,4.00
2.00,6.00,1.72,19.91,2.18,2.00
13.00,8.00,1.15,29.91,5.24,13.00
7.00,14.00,1.33,21.75,3.39,7.00
10.00,1.00,1.64,20.20,2.31,10.00
6.00,12.00,1.38,23.85,3.07,6.00
5.00,2.00,1.78,19.94,2.06,2.00
5.00,13.00,3.42,23.47,1.32,13.00
1.00,14.00,3.08,22.39,1.38,14.00
8.00,3.00,3.68,23.12,1.28,3.00
2.00,7.00,2.39,20.79,1.60,7.00
0.00,9.00,1.63,20.40,2.32,9.00
12.00,15.00,1.13,27.32,5.96,12.00
6.00,4.00,1.61,19.56,2.39,4.00
10.00,11.00,1.39,23.29,3.03,10.00
14.00,2.00,1.49,20.33,2.67,14.00
8.00,7.00,5.21,26.62,1.16,8.00
9.00,12.00,2.35,19.99,1.62,12.00
13.00,0.00,1.36,22.24,3.24,0.00
3.00,6.00,1.63,20.11,2.34,3.00
15.00,5.00,2.02,19.66,1.83,5.00
4.00,10.00,2.87,22.17,1.44,10.00
1.00,11.00,1.54,20.78,2.53,11.00
4.00,13.00,2.78,22.01,1.45,13.00
6.00,14.00,2.08,20.27,1.77,6.00
15.00,10.00,2.69,20.73,1.48,10.00
1.00,7.00,2.68,20.88,1.49,1.00
0.00,8.00,1.18,27.66,4.86,0.00
11.00,2.00,1.80,20.47,2.05,2.00
5.00,9.00,2.15,20.53,1.72,9.00
12.00,3.00,1.47,21.02,2.74,12.00
13.00,6.00,1.29,21.09,3.72,13.00
14.00,4.00,1.63,20.03,2.32,14.00
15.00,1.00,2.66,20.84,1.49,15.00
10.00,0.00,1.29,23.84,3.62,0.00
11.00,8.00,1.29,23.60,3.67,11.00
2.00,3.00,2.21,19.64,1.70,2.00
5.00,12.00,3.41,22.35,1.33,12.00
7.00,9.00,1.28,23.20,3.71,9.00
2.00,15.00,1.62,19.32,2.33,2.00
3.00,10.00,1.72,19.52,2.16,10.00
4.00,11.00,1.33,22.40,3.36,4.00
7.00,6.00,1.31,22.68,3.45,7.00
9.00,13.00,2.67,19.35,1.49,13.00
12.00,0.00,1.17,27.98,4.87,12.00
8.00,14.00,4.51,24.88,1.21,14.00
1.00,5.00,1.90,17.67,1.94,1.00
13.00,10.00,1.55,18.35,2.56,10.00
6.00,2.00,1.68,19.43,2.25,6.00
11.00,15.00,1.16,28.11,5.39,15.00
0.00,7.00,4.32,24.06,1.23,7.00
9.00,4.00,1.48,20.99,2.74,4.00
3.00,5.00,1.64,19.13,2.34,5.00
8.00,1.00,2.58,20.84,1.53,1.00
12.00,14.00,1.77,17.77,2.14,12.00
15.00,4.00,2.55,20.75,1.54,4.00
6.00,0.00,1.40,21.12,3.05,6.00
13.00,3.00,1.58,20.23,2.46,13.00
7.00,2.00,1.43,22.37,2.89,7.00
10.00,8.00,1.10,29.33,7.25,10.00
11.00,5.00,1.28,22.48,3.81,11.00
14.00,9.00,1.34,21.87,3.34,9.00
1.00,12.00,3.04,20.91,1.40,1.00
4.00,6.00,1.82,18.57,2.04,4.00
15.00,13.00,2.68,21.54,1.50,13.00
0.00,11.00,2.28,19.91,1.66,11.00
2.00,10.00,1.89,17.31,1.98,10.00
9.00,1.00,1.94,17.16,1.93,9.00
12.00,7.00,1.64,19.75,2.30,12.00
3.00,8.00,1.16,27.35,5.16,3.00
5.00,14.00,2.92,20.56,1.43,14.00
10.00,4.00,1.36,21.26,3.23,4.00
7.00,15.00,1.34,21.83,3.39,7.00
11.00,9.00,1.28,24.40,3.76,9.00
3.00,14.00,1.95,17.21,1.93,14.00
8.00,5.00,2.49,20.11,1.57,5.00
0.00,2.00,2.56,19.92,1.54,0.00
1.00,6.00,2.04,19.11,1.82,1.00
13.00,12.00,1.52,18.69,2.64,13.00
4.00,2.00,2.12,19.62,1.76,2.00
15.00,3.00,2.04,19.21,1.85,3.00
7.00,10.00,1.44,22.45,2.92,10.00
9.00,5.00,1.80,20.57,2.07,5.00
8.00,0.00,2.24,19.98,1.69,8.00
12.00,11.00,1.80,17.95,2.10,11.00
6.00,13.00,2.12,18.38,1.79,13.00
14.00,1.00,1.45,21.06,2.87,14.00
9.00,2.00,1.94,17.61,1.92,2.00
6.00,8.00,1.19,27.06,4.89,6.00
0.00,14.00,2.37,19.51,1.62,14.00
11.00,7.00,1.37,21.42,3.14,11.00
4.00,3.00,2.89,21.90,1.44,4.00
5.00,15.00,1.75,18.78,2.17,15.00
1.00,13.00,2.09,18.35,1.80,13.00
10.00,12.00,2.12,18.41,1.78,12.00
13.00,10.00,1.86,17.94,2.05,10.00
13.00,7.00,1.42,20.72,3.01,13.00
10.00,11.00,2.02,18.76,1.89,10.00
7.00,3.00,1.66,19.23,2.34,7.00
11.00,12.00,1.49,20.97,2.76,11.00
3.00,1.00,1.60,21.05,2.46,3.00
13.00,11.00,1.72,19.46,2.22,13.00
7.00,10.00,1.47,21.66,2.84,10.00
12.00,0.00,1.31,22.30,3.59,12.00
3.00,9.00,1.16,26.27,5.70,3.00
6.00,2.00,1.59,20.32,2.47,2.00
15.00,7.00,2.55,20.90,1.56,7.00
13.00,10.00,1.54,21.34,2.60,13.00
11.00,0.00,1.31,22.91,3.63,11.00
4.00,8.00,1.28,25.05,3.86,4.00
1.00,5.00,1.68,19.92,2.28,5.00
12.00,14.00,1.18,29.91,5.09,12.00
2.00,4.00,1.47,21.90,2.82,2.00
8.00,5.00,4.31,26.10,1.23,5.00
6.00,15.00,1.32,25.16,3.51,15.00
10.00,14.00,1.53,21.67,2.64,10.00
0.00,3.00,1.80,20.32,2.10,3.00
9.00,7.00,2.84,22.28,1.46,7.00
13.00,12.00,1.43,21.71,3.01,12.00
1.00,11.00,2.41,19.73,1.62,11.00
5.00,10.00,2.68,20.64,1.51,5.00
14.00,4.00,1.48,21.67,2.79,14.00
7.00,2.00,1.16,29.58,5.40,7.00
11.00,6.00,1.25,25.96,4.14,11.00
9.00,13.00,3.71,24.43,1.30,13.00
8.00,0.00,4.96,27.14,1.19,0.00
3.00,15.00,1.38,23.58,3.21,3.00
12.00,1.00,1.61,20.56,2.42,12.00
7.00,13.00,1.96,19.68,1.90,7.00
14.00,11.00,2.80,21.15,1.48,14.00
8.00,3.00,3.95,25.39,1.27,3.00
4.00,10.00,3.72,24.36,1.30,4.00
6.00,5.00,1.35,22.38,3.43,5.00
15.00,0.00,1.86,19.86,2.00,0.00
12.00,2.00,1.21,24.74,4.74,12.00
1.00,9.00,1.47,21.72,2.84,1.00
3.00,14.00,1.49,19.87,2.67,3.00
15.00,11.00,3.52,23.37,1.32,15.00
0.00,6.00,1.57,20.38,2.50,6.00
13.00,5.00,1.10,33.83,7.21,13.00
10.00,7.00,1.63,20.11,2.36,7.00
8.00,1.00,5.44,29.45,1.16,1.00
2.00,9.00,2.64,21.71,1.53,2.00
4.00,12.00,3.89,22.61,1.28,12.00
0.00,10.00,3.15,23.19,1.38,10.00
9.00,8.00,1.10,32.73,7.41,9.00
5.00,7.00,3.37,23.06,1.35,7.00
11.00,13.00,2.25,19.46,1.70,13.00
2.00,15.00,3.42,23.36,1.34,15.00
6.00,3.00,1.61,20.63,2.44,6.00
1.00,4.00,1.15,31.31,5.73,1.00
14.00,12.00,2.05,20.33,1.84,14.00
5.00,9.00,2.42,20.83,1.61,9.00
4.00,15.00,2.54,21.42,1.56,15.00
10.00,8.00,1.08,39.42,8.40,10.00
13.00,14.00,1.28,25.32,3.86,13.00
0.00,2.00,1.36,23.48,3.32,0.00
7.00,6.00,1.41,22.18,3.08,7.00
12.00,3.00,1.29,23.98,3.79,3.00
11.00,1.00,1.42,22.31,3.04,11.00
14.00,10.00,2.61,21.55,1.53,10.00
3.00,2.00,1.29,23.22,3.87,3.00
8.00,13.00,6.35,33.24,1.13,13.00
5.00,12.00,2.61,22.05,1.53,12.00
9.00,6.00,2.34,20.46,1.65,9.00
4.00,0.00,2.38,20.12,1.63,0.00
7.00,11.00,1.29,27.06,3.77,7.00
3.00,10.00,1.54,21.83,2.58,10.00
1.00,15.00,1.16,27.86,5.35,1.00
2.00,14.00,1.99,20.58,1.89,2.00
9.00,4.00,1.71,21.38,2.21,9.00
5.00,11.00,3.43,23.86,1.33,11.00
7.00,8.00,1.07,37.92,8.97,7.00
10.00,2.00,1.34,23.22,3.40,10.00
15.00,3.00,2.12,21.12,1.77,15.00
6.00,0.00,1.30,24.21,3.74,6.00
12.00,13.00,1.60,20.78,2.42,13.00
14.00,1.00,2.58,21.65,1.54,1.00
11.00,9.00,1.16,31.75,5.41,11.00
13.00,15.00,1.31,24.07,3.63,13.00
0.00,7.00,2.21,20.18,1.72,7.00
1.00,12.00,1.84,19.79,2.06,1.00
10.00,6.00,1.32,24.13,3.55,10.00
8.00,4.00,3.50,22.68,1.33,4.00
3.00,5.00,1.34,22.52,3.42,3.00
0.00,9.00,1.47,21.90,2.79,0.00
6.00,14.00,1.39,23.30,3.11,6.00
4.00,13.00,1.48,21.26,2.76,4.00
5.00,2.00,2.15,21.13,1.76,2.00
10.00,11.00,1.87,20.90,2.00,10.00
4.00,1.00,3.21,22.35,1.38,1.00
9.00,3.00,2.50,21.35,1.58,3.00
14.00,13.00,3.06,23.02,1.41,13.00
2.00,0.00,2.23,21.15,1.71,2.00
8.00,6.00,3.80,25.37,1.29,6.00
15.00,5.00,2.50,21.59,1.57,15.00
12.00,7.00,1.33,24.79,3.50,12.00
1.00,10.00,2.44,19.61,1.60,10.00
5.00,0.00,1.65,20.80,2.35,0.00
14.00,15.00,1.72,20.29,2.22,14.00
13.00,3.00,1.45,21.63,2.89,13.00
11.00,8.00,1.06,36.87,9.31,11.00
6.00,12.00,2.49,22.30,1.57,6.00
7.00,9.00,1.44,22.38,2.92,7.00
8.00,2.00,4.22,25.71,1.25,2.00
7.00,1.00,1.47,21.69,2.83,7.00
4.00,11.00,1.67,20.66,2.30,4.00
12.00,15.00,1.19,27.47,4.98,15.00
2.00,13.00,2.06,20.69,1.80,13.00
1.00,14.00,1.68,21.54,2.28,1.00
3.00,0.00,1.28,26.38,3.82,0.00
10.00,9.00,1.30,24.61,3.71,10.00
6.00,7.00,1.82,20.79,2.06,7.00
15.00,8.00,1.34,24.22,3.44,15.00
11.00,12.00,1.74,19.34,2.19,11.00
5.00,4.00,1.36,22.91,3.32,5.00
0.00,14.00,2.80,22.60,1.47,0.00
15.00,1.00,2.79,23.44,1.47,1.00
8.00,10.00,5.69,30.43,1.15,10.00
9.00,12.00,4.82,29.48,1.20,12.00
13.00,11.00,2.88,22.76,1.45,13.00
3.00,6.00,1.60,21.47,2.46,3.00
2.00,5.00,1.53,20.89,2.64,5.00
4.00,7.00,2.18,20.40,1.75,4.00
10.00,12.00,2.05,21.07,1.83,10.00
0.00,13.00,2.18,21.69,1.75,13.00
6.00,4.00,2.41,20.96,1.60,6.00
9.00,11.00,3.62,25.35,1.31,11.00
14.00,8.00,1.14,30.33,6.00,14.00
3.00,7.00,1.62,21.45,2.39,3.00
2.00,1.00,2.34,20.04,1.67,2.00
5.00,15.00,1.36,23.76,3.27,15.00
13.00,6.00,1.65,20.85,2.35,13.00
4.00,14.00,2.15,20.68,1.76,4.00
8.00,9.00,2.88,22.55,1.45,9.00
10.00,3.00,1.49,22.36,2.70,10.00
11.00,2.00,1.36,22.56,3.35,11.00
7.00,15.00,1.42,22.55,2.99,7.00
1.00,0.00,1.29,23.75,3.69,1.00
12.00,5.00,1.18,31.40,4.97,12.00
14.00,3.00,2.47,20.60,1.58,3.00
15.00,13.00,2.62,20.71,1.53,13.00
7.00,10.00,2.06,20.10,1.81,10.00
12.00,8.00,1.09,34.60,7.60,12.00
1.00,6.00,1.90,20.27,1.97,6.00
0.00,4.00,1.78,20.50,2.12,4.00
11.00,5.00,1.28,25.18,3.83,11.00
9.00,2.00,2.22,20.26,1.72,2.00
13.00,1.00,1.67,21.25,2.30,1.00
8.00,15.00,2.07,20.91,1.82,8.00
10.00,0.00,1.28,25.29,3.90,10.00
3.00,11.00,2.30,21.43,1.68,11.00
6.00,9.00,1.46,22.68,2.87,9.00
2.00,7.00,1.60,21.35,2.45,2.00
5.00,14.00,1.48,21.93,2.78,14.00
12.00,4.00,1.14,32.28,5.89,12.00
1.00,7.00,1.52,23.09,2.63,7.00
2.00,3.00,1.52,22.03,2.65,3.00
14.00,6.00,2.27,21.69,1.68,6.00
11.00,4.00,1.24,28.46,4.16,11.00
15.00,10.00,2.23,22.23,1.70,10.00
13.00,8.00,1.15,31.28,5.60,13.00
0.00,12.00,4.41,29.50,1.22,12.00
9.00,5.00,2.65,21.38,1.53,5.00
10.00,13.00,1.80,20.35,2.10,10.00
15.00,2.00,2.50,21.31,1.58,2.00
6.00,8.00,1.19,28.46,4.78,6.00
4.00,3.00,1.83,21.28,2.05,4.00
14.00,9.00,2.34,21.08,1.65,9.00
7.00,0.00,1.53,23.17,2.62,0.00
12.00,11.00,1.65,21.47,2.33,12.00
5.00,1.00,2.56,21.40,1.55,1.00
9.00,10.00,1.97,20.30,1.90,9.00
4.00,5.00,3.01,23.28,1.42,4.00
6.00,13.00,1.98,20.34,1.90,13.00
0.00,15.00,1.97,20.70,1.91,0.00
3.00,12.00,2.94,22.69,1.44,3.00
8.00,7.00,2.42,21.37,1.61,7.00
1.00,2.00,1.59,21.23,2.47,2.00
11.00,14.00,1.25,29.35,4.05,11.00
15.00,9.00,2.24,21.94,1.70,15.00
13.00,0.00,1.22,30.56,4.52,13.00
10.00,4.00,1.57,22.69,2.51,10.00
2.00,11.00,2.29,21.40,1.68,2.00
5.00,8.00,1.29,25.41,3.73,5.00
7.00,14.00,1.90,19.62,1.99,7.00
12.00,6.00,1.33,25.82,3.45,12.00
3.00,1.00,2.37,21.22,1.63,1.00
13.00,4.00,1.40,21.25,3.10,13.00
0.00,8.00,1.88,20.88,1.99,0.00
14.00,5.00,2.05,21.12,1.81,5.00
11.00,10.00,1.41,23.60,3.01,11.00
15.00,6.00,3.10,23.61,1.39,15.00
7.00,3.00,1.56,21.21,2.52,7.00
9.00,1.00,1.60,21.68,2.42,1.00
2.00,12.00,2.61,21.99,1.53,12.00
12.00,11.00,1.92,19.00,1.97,11.00
13.00,11.00,2.08,19.47,1.81,11.00
12.00,14.00,2.14,20.66,1.75,12.00
11.00,10.00,1.38,23.21,3.15,11.00
14.00,1.00,1.39,21.16,3.15,14.00
10.00,5.00,1.68,18.54,2.30,10.00
12.00,11.00,1.74,19.11,2.18,12.00
1.00,4.00,1.35,23.56,3.29,1.00
14.00,13.00,1.37,36.92,3.24,13.00
1.00,6.00,1.07,37.42,8.05,1.00
10.00,9.00,1.46,22.15,2.85,9.00
2.00,7.00,1.57,21.30,2.50,7.00
11.00,0.00,1.16,26.27,5.39,11.00
4.00,15.00,1.75,21.15,2.13,4.00
3.00,8.00,2.68,21.78,1.50,3.00
14.00,5.00,1.32,23.32,3.54,14.00
12.00,13.00,1.73,20.97,2.17,13.00
7.00,3.00,1.48,21.65,2.73,7.00
0.00,4.00,3.31,21.05,1.36,0.00
15.00,6.00,1.29,22.93,3.78,15.00
13.00,11.00,1.73,20.08,2.18,13.00
8.00,1.00,3.06,21.25,1.38,1.00
2.00,10.00,2.59,21.60,1.53,10.00
9.00,14.00,1.96,19.08,1.90,14.00
5.00,12.00,2.20,20.74,1.71,12.00
13.00,8.00,1.11,29.80,6.40,8.00
9.00,2.00,1.09,29.65,7.42,2.00
0.00,7.00,3.01,21.14,1.41,0.00
14.00,12.00,1.48,21.67,2.71,14.00
6.00,11.00,4.64,25.95,1.20,11.00
10.00,15.00,1.44,22.16,2.88,10.00
5.00,1.00,1.92,18.52,1.94,1.00
4.00,3.00,1.41,20.99,3.00,4.00
10.00,13.00,1.81,18.59,2.07,13.00
1.00,0.00,1.13,30.56,5.99,1.00
7.00,9.00,2.59,20.82,1.53,9.00
14.00,2.00,1.06,35.61,8.87,14.00
3.00,6.00,1.36,21.90,3.24,3.00
15.00,8.00,1.41,22.34,2.98,8.00
12.00,4.00,1.26,26.95,3.90,12.00
11.00,5.00,1.49,21.95,2.70,5.00
7.00,15.00,1.44,22.41,2.88,15.00
8.00,14.00,5.89,30.94,1.14,14.00
13.00,0.00,1.17,29.80,5.34,13.00
2.00,3.00,2.40,21.13,1.62,2.00
10.00,11.00,2.45,20.99,1.58,10.00
6.00,4.00,2.28,20.42,1.67,4.00
12.00,1.00,1.45,22.03,2.88,1.00
9.00,5.00,2.17,20.24,1.75,9.00
0.00,2.00,1.55,21.44,2.56,0.00
5.00,3.00,1.12,34.36,6.09,5.00
4.00,8.00,1.37,23.06,3.20,4.00
9.00,12.00,2.74,22.42,1.48,9.00
11.00,7.00,1.22,28.39,4.35,11.00
6.00,10.00,1.78,19.94,2.11,10.00
14.00,1.00,1.30,22.90,3.75,14.00
15.00,13.00,3.10,22.71,1.40,15.00
11.00,2.00,1.06,36.32,9.03,11.00
1.00,10.00,1.36,24.46,3.28,10.00
3.00,7.00,1.86,20.55,2.01,7.00
5.00,8.00,1.14,25.87,5.80,5.00
13.00,4.00,1.50,22.26,2.69,13.00
6.00,9.00,1.36,23.47,3.28,9.00
12.00,0.00,1.11,29.72,6.75,12.00
15.00,14.00,6.01,30.54,1.13,14.00
9.00,11.00,1.92,19.21,1.95,11.00
12.00,15.00,1.15,31.32,5.60,12.00
14.00,6.00,1.32,23.50,3.55,14.00
4.00,5.00,2.97,22.36,1.42,5.00
8.00,0.00,1.50,19.89,2.70,8.00
7.00,10.00,1.62,20.11,2.40,10.00
13.00,3.00,1.39,21.40,3.17,13.00
2.00,1.00,3.09,22.50,1.40,1.00
0.00,9.00,2.88,22.37,1.44,9.00
10.00,4.00,1.39,21.96,3.12,10.00
6.00,13.00,1.58,21.71,2.45,6.00
1.00,12.00,1.59,22.61,2.44,12.00
3.00,14.00,2.79,22.24,1.46,14.00
7.00,8.00,1.40,23.73,3.06,7.00
15.00,2.00,2.91,21.71,1.43,2.00
9.00,10.00,1.40,22.22,3.04,9.00
4.00,11.00,1.74,21.86,2.13,11.00
3.00,5.00,2.53,21.03,1.55,3.00
1.00,13.00,1.39,20.60,3.16,1.00
15.00,3.00,1.63,20.61,2.36,3.00
14.00,0.00,1.11,31.77,6.52,14.00
2.00,4.00,2.20,20.57,1.71,2.00
11.00,10.00,1.50,22.71,2.68,10.00
6.00,7.00,1.50,21.88,2.68,6.00
12.00,8.00,1.17,28.44,5.14,12.00
5.00,9.00,1.34,22.82,3.42,5.00
4.00,14.00,2.49,20.49,1.57,14.00
13.00,12.00,2.31,20.72,1.65,12.00
8.00,10.00,1.76,21.19,2.12,10.00
1.00,3.00,1.54,21.33,2.55,1.00
0.00,6.00,2.23,20.56,1.69,6.00
7.00,11.00,1.75,20.41,2.14,11.00
9.00,15.00,1.58,21.40,2.48,9.00
13.00,2.00,2.20,19.99,1.73,2.00
0.00,1.00,2.26,21.08,1.68,0.00
6.00,14.00,1.63,20.52,2.35,14.00
15.00,5.00,3.62,21.03,1.31,15.00
2.00,11.00,2.48,21.09,1.56,11.00
1.00,4.00,1.80,19.68,2.10,1.00
10.00,14.00,3.62,22.48,1.30,10.00
3.00,13.00,2.25,20.97,1.69,13.00
5.00,6.00,1.60,20.76,2.43,5.00
8.00,7.00,2.03,19.52,1.83,7.00
12.00,9.00,1.43,22.47,2.91,12.00
15.00,0.00,1.84,20.57,2.03,0.00
14.00,13.00,1.43,22.95,2.92,14.00
4.00,10.00,1.41,23.11,2.96,4.00
6.00,8.00,1.24,25.82,4.09,6.00
11.00,9.00,1.23,25.27,4.26,11.00
7.00,12.00,1.75,20.16,2.14,12.00
0.00,5.00,2.56,21.45,1.53,5.00
3.00,2.00,1.37,23.71,3.20,2.00
8.00,12.00,1.53,21.21,2.60,12.00
7.00,1.00,1.45,21.70,2.84,1.00
15.00,11.00,1.48,22.20,2.76,11.00
5.00,2.00,1.45,23.21,2.84,5.00
9.00,3.00,1.67,21.70,2.28,3.00
8.00,15.00,1.76,20.88,2.13,8.00
4.00,7.00,1.51,21.79,2.64,4.00
13.00,5.00,1.46,21.87,2.78,13.00
0.00,10.00,1.68,20.69,2.26,10.00
2.00,6.00,1.98,21.10,1.87,6.00
1.00,14.00,2.52,21.85,1.56,14.00
11.00,12.00,1.65,20.82,2.32,11.00
5.00,4.00,1.47,22.73,2.77,5.00
2.00,13.00,2.17,21.47,1.72,13.00
9.00,8.00,1.74,21.58,2.13,9.00
11.00,1.00,1.38,22.82,3.12,11.00
10.00,6.00,1.87,21.05,1.98,6.00
7.00,0.00,1.57,22.87,2.45,7.00
12.00,3.00,1.32,23.11,3.43,12.00
14.00,15.00,1.35,23.40,3.27,14.00
5.00,7.00,1.33,24.09,3.38,7.00
3.00,10.00,2.18,20.60,1.73,3.00
12.00,2.00,1.36,23.73,3.22,12.00
13.00,9.00,1.27,26.18,3.83,9.00
14.00,4.00,1.42,22.90,2.95,4.00
8.00,11.00,2.38,22.20,1.60,11.00
6.00,0.00,1.32,23.81,3.48,0.00
1.00,15.00,1.70,21.18,2.22,15.00
10.00,5.00,2.71,19.35,1.49,10.00
8.00,2.00,1.48,22.07,2.74,2.00
15.00,7.00,1.35,23.08,3.32,7.00
13.00,14.00,2.20,20.63,1.71,13.00
11.00,6.00,1.33,22.41,3.42,11.00
0.00,3.00,1.72,21.06,2.19,0.00
1.00,9.00,1.67,20.61,2.27,1.00
4.00,12.00,2.26,20.94,1.69,4.00
5.00,11.00,1.93,21.27,1.91,11.00
4.00,1.00,1.87,20.13,1.97,4.00
7.00,13.00,2.40,21.41,1.61,13.00
3.00,9.00,1.41,22.29,2.93,3.00
6.00,15.00,1.41,22.12,2.97,6.00
2.00,0.00,1.40,21.96,3.02,0.00
12.00,14.00,2.29,20.55,1.65,12.00
10.00,8.00,1.75,20.41,2.11,10.00
3.00,11.00,1.59,21.61,2.40,11.00
13.00,6.00,1.41,22.72,2.97,13.00
2.00,15.00,1.99,20.52,1.85,15.00
14.00,10.00,1.19,28.33,4.71,10.00
8.00,4.00,1.37,23.07,3.14,4.00
9.00,7.00,1.63,21.83,2.33,7.00
0.00,12.00,2.45,21.86,1.56,12.00
1.00,5.00,2.31,21.18,1.64,5.00
11.00,13.00,1.79,20.31,2.09,11.00
14.00,7.00,1.14,32.41,5.70,14.00
6.00,12.00,1.71,20.70,2.21,12.00
4.00,9.00,2.43,21.36,1.59,4.00
10.00,0.00,1.48,21.94,2.72,0.00
8.00,3.00,1.87,19.70,2.00,8.00
2.00,5.00,3.39,23.51,1.34,2.00
15.00,1.00,3.39,23.41,1.34,1.00
14.00,3.00,1.41,20.63,3.07,14.00
0.00,8.00,2.27,21.30,1.67,8.00
5.00,15.00,1.21,27.10,4.47,5.00
13.00,10.00,1.30,23.93,3.63,13.00
7.00,4.00,1.59,21.89,2.45,4.00
6.00,2.00,1.39,22.69,3.09,6.00
12.00,11.00,1.99,19.89,1.89,12.00
9.00,1.00,2.46,20.69,1.57,1.00
15.00,4.00,1.53,22.40,2.56,15.00
7.00,6.00,2.14,20.86,1.75,6.00
5.00,14.00,1.75,20.38,2.14,5.00
11.00,8.00,1.37,22.94,3.22,8.00
9.00,13.00,2.30,20.51,1.66,9.00
3.00,0.00,1.22,25.77,4.41,3.00
10.00,12.00,1.91,22.06,1.93,12.00
1.00,2.00,1.66,21.01,2.29,1.00
4.00,13.00,2.30,21.29,1.66,13.00
10.00,7.00,1.39,22.95,3.06,7.00
3.00,1.00,2.02,20.37,1.85,3.00
11.00,14.00,1.73,21.17,2.17,14.00
0.00,15.00,2.65,22.18,1.50,15.00
8.00,6.00,1.74,19.79,2.17,8.00
2.00,9.00,1.93,19.89,1.94,2.00
12.00,5.00,2.29,21.57,1.66,5.00
5.00,1.00,1.36,21.83,3.27,5.00
3.00,1.00,2.06,18.90,1.79,1.00
5.00,14.00,1.71,19.23,2.22,5.00
9.00,1.00,2.36,20.60,1.61,1.00
14.00,11.00,1.43,21.71,2.84,14.00
13.00,1.00,1.33,22.88,3.35,1.00
11.00,12.00,1.39,21.54,3.05,11.00
14.00,3.00,1.26,24.63,3.79,3.00
9.00,5.00,2.85,21.67,1.43,5.00
3.00,6.00,1.74,20.04,2.11,3.00
0.00,1.00,3.55,23.02,1.30,0.00
8.00,4.00,1.56,21.00,2.47,8.00
11.00,9.00,1.49,20.98,2.67,11.00
7.00,2.00,2.82,21.67,1.43,7.00
15.00,10.00,1.41,21.52,2.89,15.00
13.00,12.00,1.33,22.21,3.37,13.00
14.00,5.00,1.58,20.44,2.43,14.00
11.00,10.00,1.01,47.40,15.26,11.00
9.00,3.00,1.20,25.00,4.53,9.00
6.00,0.00,1.13,28.21,5.85,6.00
14.00,13.00,1.55,20.96,2.50,14.00
7.00,15.00,1.42,22.13,2.91,7.00
8.00,2.00,2.37,20.56,1.61,8.00
12.00,4.00,1.42,21.79,2.91,12.00
1.00,5.00,3.43,22.48,1.32,5.00
3.00,13.00,2.83,21.78,1.43,13.00
4.00,0.00,1.34,21.89,3.27,4.00
10.00,7.00,2.30,21.28,1.64,7.00
6.00,14.00,2.16,21.53,1.71,14.00
5.00,11.00,1.36,22.36,3.21,11.00
12.00,8.00,1.24,24.75,3.92,12.00
2.00,9.00,2.71,21.66,1.49,2.00
1.00,15.00,1.15,28.78,5.36,1.00
3.00,11.00,2.00,19.19,1.85,3.00
0.00,9.00,3.69,24.94,1.28,9.00
8.00,6.00,2.35,21.53,1.61,8.00
15.00,14.00,4.32,26.06,1.21,14.00
13.00,10.00,1.08,33.03,7.54,13.00
7.00,4.00,2.22,20.89,1.67,4.00
2.00,1.00,1.81,20.19,2.03,1.00
5.00,12.00,1.35,23.06,3.21,5.00
14.00,0.00,1.29,23.08,3.57,14.00
4.00,3.00,1.55,20.14,2.48,3.00
6.00,10.00,1.14,28.89,5.55,6.00
2.00,7.00,1.22,25.25,4.23,2.00
11.00,15.00,1.10,32.28,6.83,11.00
8.00,13.00,4.25,23.92,1.22,8.00
12.00,1.00,1.81,19.69,2.02,12.00
5.00,9.00,2.00,19.89,1.82,5.00
15.00,13.00,3.71,22.25,1.27,13.00
5.00,8.00,1.32,21.94,3.38,5.00
7.00,6.00,2.30,20.97,1.62,6.00
14.00,4.00,1.36,22.28,3.11,14.00
11.00,0.00,1.23,23.97,4.05,11.00
10.00,2.00,2.12,20.22,1.73,2.00
1.00,3.00,1.44,21.08,2.80,3.00
9.00,12.00,1.35,22.06,3.19,9.00
7.00,5.00,3.49,22.23,1.30,5.00
15.00,4.00,1.68,19.83,2.22,4.00
6.00,9.00,2.15,19.53,1.72,9.00
1.00,11.00,1.55,20.43,2.46,11.00
0.00,2.00,1.74,19.60,2.11,2.00
3.00,10.00,1.27,22.13,3.67,10.00
12.00,13.00,1.82,19.40,2.02,13.00
8.00,14.00,4.21,23.78,1.22,8.00
4.00,9.00,2.75,20.93,1.45,9.00
15.00,1.00,3.06,21.55,1.37,15.00
8.00,0.00,1.23,22.23,4.22,0.00
12.00,6.00,1.91,19.80,1.90,12.00
13.00,7.00,1.21,25.55,4.27,13.00
14.00,3.00,1.27,23.68,3.66,14.00
10.00,11.00,2.43,20.03,1.56,11.00
2.00,5.00,2.75,20.13,1.45,5.00
3.00,12.00,1.60,20.65,2.36,3.00
10.00,8.00,2.00,20.35,1.81,8.00
0.00,7.00,1.59,20.68,2.33,7.00
13.00,1.00,1.42,20.80,2.84,1.00
6.00,2.00,1.23,22.75,4.14,6.00
9.00,15.00,1.22,22.73,4.24,9.00
5.00,0.00,1.13,27.56,5.83,0.00
15.00,3.00,3.11,21.85,1.37,3.00
14.00,10.00,1.04,35.50,9.83,10.00
4.00,11.00,1.26,22.53,3.78,4.00
1.00,9.00,3.68,21.68,1.28,1.00
4.00,13.00,2.57,19.93,1.51,4.00
2.00,8.00,1.45,20.23,2.75,8.00
6.00,3.00,1.58,19.63,2.40,6.00
11.00,5.00,2.76,20.33,1.45,11.00
15.00,7.00,1.25,22.78,3.90,15.00
12.00,10.00,1.21,23.40,4.30,10.00
9.00,14.00,1.81,18.25,2.03,9.00
8.00,11.00,1.62,19.83,2.32,8.00
0.00,4.00,1.64,18.88,2.27,4.00
13.00,2.00,1.60,19.40,2.36,13.00
10.00,9.00,3.13,22.23,1.36,9.00
6.00,12.00,1.41,20.15,2.88,6.00
7.00,1.00,2.35,19.80,1.60,1.00
0.00,13.00,1.47,20.43,2.70,13.00
1.00,2.00,1.51,20.33,2.55,2.00
14.00,8.00,1.14,25.03,5.55,14.00
3.00,4.00,1.18,24.48,4.83,3.00
5.00,15.00,1.36,23.03,3.14,5.00
7.00,12.00,2.37,20.23,1.58,12.00
13.00,14.00,4.01,23.13,1.24,14.00
8.00,15.00,1.92,17.80,1.92,15.00
5.00,6.00,1.46,21.08,2.69,5.00
4.00,10.00,1.38,21.08,3.02,4.00
0.00,3.00,2.08,19.15,1.77,3.00
9.00,1.00,1.67,19.05,2.24,9.00
2.00,11.00,2.05,19.35,1.78,2.00
5.00,4.00,1.17,25.19,4.89,5.00
12.00,9.00,1.83,18.63,2.00,12.00
6.00,8.00,1.35,21.53,3.20,6.00
11.00,13.00,1.18,23.57,4.89,11.00
14.00,7.00,1.16,25.15,5.04,14.00
3.00,2.00,1.45,20.78,2.75,3.00
10.00,5.00,3.69,22.14,1.28,5.00
7.00,11.00,1.45,20.83,2.72,7.00
15.00,12.00,2.09,18.33,1.75,12.00
0.00,6.00,3.52,21.53,1.30,6.00
1.00,14.00,2.88,20.63,1.42,14.00
9.00,8.00,1.22,22.18,4.28,9.00
7.00,3.00,2.22,19.05,1.67,3.00
1.00,6.00,1.73,18.81,2.14,1.00
11.00,14.00,2.00,18.05,1.84,11.00
10.00,15.00,1.74,18.68,2.12,15.00
2.00,4.00,1.54,19.93,2.50,2.00
12.00,0.00,1.31,20.23,3.55,12.00
5.00,13.00,1.45,19.73,2.81,13.00
2.00,10.00,1.58,19.83,2.41,2.00
4.00,1.00,2.74,20.20,1.45,1.00
8.00,3.00,1.59,19.40,2.36,3.00
13.00,9.00,1.50,20.03,2.62,13.00
0.00,5.00,2.53,19.73,1.53,5.00
6.00,7.00,1.45,20.13,2.73,6.00
11.00,12.00,1.74,18.25,2.10,11.00
14.00,15.00,1.18,24.33,4.77,14.00
15.00,0.00,1.77,18.93,2.06,0.00
9.00,7.00,1.42,20.13,2.86,9.00
1.00,8.00,1.40,20.40,2.94,1.00
11.00,2.00,1.47,20.63,2.73,11.00
10.00,3.00,1.74,18.75,2.11,10.00
12.00,5.00,2.01,18.03,1.84,5.00
13.00,6.00,1.37,21.33,3.10,6.00
4.00,14.00,2.86,19.93,1.43,14.00
3.00,0.00,1.63,20.13,2.29,3.00
2.00,15.00,1.43,21.03,2.81,15.00
7.00,13.00,2.25,19.63,1.64,7.00
10.00,14.00,3.05,21.15,1.37,14.00
4.00,6.00,1.55,20.30,2.46,4.00
9.00,11.00,1.44,21.45,2.78,9.00
8.00,12.00,1.62,19.80,2.30,12.00
5.00,1.00,1.79,17.73,2.06,1.00
13.00,4.00,1.32,22.47,3.27,13.00
9.00,10.00,1.24,22.69,3.98,9.00
6.00,1.00,2.02,17.81,1.80,1.00
15.00,11.00,2.08,18.25,1.75,15.00
2.00,14.00,2.82,20.03,1.43,2.00
7.00,8.00,1.63,18.89,2.28,8.00
0.00,12.00,2.09,18.03,1.74,0.00
3.00,5.00,2.25,19.03,1.64,5.00
11.00,8.00,1.46,20.28,2.73,11.00
15.00,9.00,2.59,19.84,1.50,15.00
13.00,0.00,1.25,22.42,3.86,0.00
4.00,5.00,2.30,19.08,1.62,5.00
3.00,7.00,1.46,19.89,2.70,3.00
10.00,6.00,2.33,20.15,1.61,10.00
12.00,2.00,1.35,21.53,3.16,2.00
14.00,1.00,1.39,21.35,3.00,1.00
0.00,11.00,2.37,20.25,1.60,0.00
8.00,10.00,1.42,21.25,2.87,8.00
5.00,7.00,1.29,21.32,3.64,7.00
1.00,13.00,2.55,20.38,1.52,1.00
2.00,3.00,2.13,18.68,1.73,2.00
6.00,15.00,1.47,19.69,2.69,6.00
4.00,12.00,1.76,18.58,2.09,12.00
14.00,9.00,1.45,20.48,2.77,9.00
13.00,8.00,1.24,21.31,3.98,13.00
7.00,0.00,1.43,19.64,2.82,0.00
9.00,2.00,1.18,24.75,4.55,9.00
11.00,6.00,1.34,21.36,3.16,6.00
10.00,4.00,2.50,19.58,1.53,4.00
3.00,1.00,1.60,19.47,2.35,3.00
12.00,14.00,2.69,19.92,1.46,14.00
15.00,5.00,4.35,25.31,1.20,15.00
1.00,10.00,1.23,22.72,4.14,1.00
8.00,7.00,1.56,20.70,2.45,7.00
0.00,15.00,1.28,22.88,3.65,15.00
14.00,2.00,1.25,23.70,3.99,14.00
13.00,3.00,1.29,22.48,3.55,13.00
6.00,4.00,1.33,21.78,3.40,4.00
12.00,11.00,2.12,18.25,1.73,12.00
9.00,5.00,2.94,20.70,1.41,9.00
10.00,0.00,1.75,19.23,2.10,0.00
2.00,6.00,2.41,19.38,1.58,2.00
4.00,15.00,1.77,18.83,2.05,4.00
11.00,7.00,1.28,22.00,3.69,11.00
9.00,13.00,1.48,19.88,2.66,13.00
3.00,8.00,1.80,18.33,2.05,3.00
1.00,12.00,1.59,19.28,2.39,12.00
5.00,14.00,2.23,19.18,1.66,5.00
14.00,9.00,1.64,19.48,2.31,14.00
14.00,8.00,1.36,20.52,3.23,14.00
5.00,9.00,1.43,20.65,2.85,9.00
13.00,8.00,1.35,22.31,3.28,8.00
9.00,10.00,1.30,22.44,3.66,9.00
1.00,8.00,1.62,20.48,2.34,8.00
14.00,9.00,1.73,18.66,2.15,14.00
10.00,11.00,1.77,19.02,2.07,10.00
5.00,13.00,1.88,18.20,1.96,5.00
7.00,10.00,1.45,20.57,2.79,10.00
8.00,2.00,1.08,34.53,7.61,8.00
9.00,3.00,1.24,27.08,4.01,3.00
11.00,15.00,1.14,30.38,5.50,11.00
13.00,0.00,1.12,29.83,6.12,13.00
4.00,6.00,3.80,23.03,1.28,4.00
5.00,14.00,1.51,20.65,2.61,14.00
12.00,1.00,2.69,21.28,1.48,12.00
2.00,4.00,2.22,18.86,1.69,2.00
14.00,0.00,1.04,38.77,10.77,0.00
10.00,11.00,1.69,20.57,2.24,11.00
9.00,13.00,2.24,19.20,1.67,9.00
1.00,3.00,1.42,20.84,2.95,1.00
6.00,7.00,1.30,22.02,3.60,6.00
12.00,8.00,1.70,19.59,2.17,8.00
15.00,5.00,10.41,36.23,1.04,5.00
10.00,14.00,3.12,20.83,1.38,10.00
13.00,2.00,1.03,40.83,13.20,13.00
7.00,9.00,2.88,20.58,1.43,9.00
11.00,8.00,1.57,20.36,2.47,11.00
0.00,6.00,1.97,19.43,1.88,6.00
4.00,15.00,1.42,20.73,2.90,15.00
3.00,12.00,2.10,20.00,1.76,3.00
5.00,1.00,1.36,22.11,3.27,5.00
15.00,14.00,9.90,36.05,1.05,14.00
8.00,13.00,2.68,20.13,1.49,13.00
6.00,3.00,1.14,26.28,5.36,3.00
4.00,10.00,3.97,22.60,1.25,10.00
11.00,0.00,1.31,22.23,3.47,11.00
7.00,1.00,1.86,18.73,1.99,1.00
12.00,2.00,1.16,26.98,5.24,12.00
5.00,9.00,2.04,18.48,1.82,5.00
1.00,0.00,1.14,28.11,5.51,0.00
3.00,11.00,2.63,20.89,1.51,11.00
12.00,4.00,1.31,23.33,3.50,12.00
9.00,6.00,1.37,23.11,3.10,9.00
10.00,8.00,1.51,20.11,2.64,8.00
14.00,7.00,1.17,27.44,5.04,14.00
13.00,5.00,1.33,23.11,3.42,13.00
2.00,15.00,1.61,20.44,2.36,2.00
4.00,1.00,2.78,21.08,1.45,1.00
0.00,15.00,1.63,20.22,2.34,0.00
7.00,13.00,2.40,20.22,1.59,13.00
11.00,5.00,3.26,21.78,1.35,11.00
2.00,9.00,7.88,33.78,1.08,9.00
6.00,10.00,1.39,23.10,3.02,10.00
8.00,12.00,1.53,20.88,2.54,12.00
3.00,14.00,4.73,24.90,1.19,14.00
15.00,9.00,4.60,25.50,1.20,9.00
8.00,14.00,2.74,21.25,1.47,14.00
10.00,3.00,1.49,20.67,2.66,10.00
6.00,13.00,2.13,19.44,1.74,6.00
0.00,5.00,3.07,21.44,1.38,5.00
4.00,7.00,2.10,19.44,1.77,7.00
1.00,2.00,1.07,31.67,8.88,1.00
11.00,12.00,1.47,20.33,2.74,12.00
5.00,4.00,1.12,29.44,6.23,4.00
9.00,0.00,1.13,28.56,5.87,9.00
3.00,8.00,1.99,19.28,1.85,8.00
14.00,10.00,1.23,22.63,4.26,14.00
7.00,2.00,1.10,28.50,7.00,7.00
15.00,6.00,2.30,18.63,1.64,6.00
11.00,9.00,3.11,21.89,1.38,9.00
1.00,13.00,1.23,24.89,4.16,1.00
2.00,3.00,3.90,22.38,1.27,3.00
12.00,10.00,2.31,20.00,1.64,10.00
9.00,2.00,1.11,29.45,6.62,9.00
5.00,6.00,1.30,23.48,3.62,5.00
1.00,8.00,1.50,20.40,2.64,8.00
7.00,11.00,1.62,20.28,2.34,7.00
0.00,3.00,1.80,19.19,2.03,3.00
4.00,14.00,4.33,24.56,1.22,14.00
10.00,15.00,1.51,20.20,2.63,10.00
13.00,12.00,1.28,23.28,3.73,13.00
14.00,9.00,1.68,20.00,2.23,14.00
11.00,10.00,1.47,21.56,2.72,11.00
6.00,12.00,1.35,23.44,3.23,6.00
8.00,0.00,1.57,21.44,2.44,8.00
3.00,4.00,1.65,20.44,2.30,3.00
15.00,13.00,2.63,20.56,1.51,15.00
5.00,7.00,1.22,25.22,4.31,5.00
0.00,13.00,1.36,21.28,3.20,0.00
2.00,5.00,3.76,22.48,1.28,5.00
15.00,7.00,2.96,21.84,1.41,15.00
1.00,14.00,1.32,21.68,3.50,14.00
12.00,15.00,1.28,21.88,3.77,12.00
14.00,6.00,1.27,22.18,3.81,6.00
13.00,8.00,1.19,25.25,4.77,13.00
5.00,0.00,1.32,21.48,3.44,5.00
10.00,2.00,1.15,26.45,5.37,10.00
7.00,3.00,1.24,21.58,4.18,7.00
9.00,1.00,1.69,18.00,2.24,1.00
4.00,11.00,1.51,19.40,2.61,11.00
7.00,12.00,1.37,20.97,3.11,7.00
13.00,10.00,1.34,21.42,3.28,13.00
3.00,15.00,1.24,22.64,4.06,15.00
6.00,9.00,2.22,18.75,1.68,6.00
11.00,1.00,3.02,19.00,1.40,1.00
8.00,4.00,1.39,20.75,3.02,4.00
2.00,14.00,5.16,23.19,1.17,14.00
12.00,6.00,1.91,17.53,1.91,6.00
0.00,11.00,1.28,21.08,3.69,0.00
5.00,8.00,1.40,20.42,3.03,5.00
1.00,4.00,1.37,20.42,3.13,1.00
10.00,5.00,3.46,21.39,1.31,10.00
2.00,0.00,2.16,19.25,1.72,0.00
6.00,8.00,2.27,18.96,1.65,6.00
9.00,7.00,1.41,20.96,2.85,9.00
14.00,13.00,1.59,19.29,2.38,13.00
4.00,3.00,1.41,20.96,2.91,3.00
1.00,12.00,1.53,20.39,2.53,1.00
15.00,11.00,3.33,21.82,1.33,15.00
13.00,9.00,1.38,20.00,3.07,9.00
8.00,1.00,2.29,19.00,1.64,8.00
10.00,7.00,1.77,18.60,2.09,10.00
11.00,14.00,2.06,18.43,1.78,14.00
3.00,6.00,1.73,19.17,2.13,3.00
4.00,2.00,1.41,22.11,2.87,4.00
12.00,0.00,1.70,19.33,2.17,12.00
5.00,15.00,1.06,30.67,8.63,5.00
9.00,14.00,2.11,19.00,1.75,14.00
3.00,13.00,5.24,25.80,1.15,3.00
0.00,4.00,1.49,20.00,2.67,0.00
7.00,8.00,1.57,20.33,2.40,7.00
2.00,12.00,2.72,20.08,1.47,2.00
6.00,1.00,2.52,20.00,1.54,1.00
5.00,11.00,1.29,21.67,3.67,5.00
15.00,10.00,2.65,20.00,1.49,10.00
4.00,9.00,2.64,19.33,1.49,9.00
14.00,3.00,1.12,27.50,5.97,14.00
8.00,10.00,1.32,21.67,3.48,10.00
6.00,0.00,1.48,19.83,2.68,6.00
2.00,11.00,2.92,20.83,1.41,11.00
13.00,7.00,1.13,28.50,5.76,7.00
12.00,5.00,2.71,18.83,1.47,5.00
1.00,15.00,1.17,24.83,5.00,1.00
3.00,2.00,2.21,18.17,1.69,3.00
10.00,1.00,2.04,18.00,1.80,1.00
0.00,8.00,1.63,18.83,2.31,8.00
15.00,12.00,2.67,20.17,1.47,12.00
11.00,7.00,1.25,22.33,3.92,11.00
9.00,5.00,1.61,19.33,2.33,5.00
13.00,6.00,1.15,26.00,5.34,13.00
14.00,4.00,1.32,20.40,3.43,14.00
0.00,2.00,1.63,19.00,2.32,0.00
15.00,4.00,2.50,19.83,1.55,4.00
9.00,10.00,1.19,24.17,4.66,9.00
7.00,6.00,1.49,19.67,2.69,7.00
5.00,13.00,1.84,18.17,2.00,13.00
8.00,3.00,1.15,25.83,5.23,8.00
12.00,11.00,1.80,17.83,2.07,12.00
14.00,1.00,1.62,19.67,2.32,14.00
13.00,15.00,1.15,26.50,5.37,13.00
7.00,14.00,2.81,19.67,1.46,7.00
4.00,8.00,2.25,18.67,1.66,4.00
6.00,5.00,3.18,22.00,1.36,5.00
11.00,3.00,1.21,25.00,4.44,11.00
2.00,10.00,2.51,19.67,1.55,2.00
0.00,12.00,1.56,20.00,2.41,12.00
1.00,9.00,2.05,17.67,1.80,9.00
14.00,2.00,1.37,20.00,3.13,14.00
6.00,11.00,2.79,19.40,1.45,6.00
8.00,7.00,1.36,20.20,3.12,8.00
3.00,0.00,2.27,18.60,1.65,0.00
10.00,4.00,1.33,21.33,3.37,4.00
12.00,13.00,3.26,21.40,1.36,13.00
1.00,5.00,2.00,18.20,1.83,5.00
9.00,15.00,1.38,19.20,3.15,9.00
8.00,11.00,2.30,18.00,1.65,8.00
7.00,4.00,1.61,19.67,2.35,7.00
3.00,5.00,4.24,21.33,1.22,5.00
10.00,6.00,1.39,20.83,3.03,10.00
14.00,12.00,1.47,19.83,2.71,14.00
0.00,9.00,2.32,19.40,1.61,0.00
15.00,2.00,1.72,17.83,2.16,15.00
13.00,1.00,1.22,21.67,4.32,13.00
5.00,10.00,1.29,21.86,3.63,5.00
9.00,8.00,1.69,18.83,2.22,9.00
15.00,3.00,1.68,19.43,2.21,15.00
0.00,7.00,1.43,22.67,2.83,0.00
11.00,13.00,1.86,17.71,1.98,13.00
6.00,14.00,2.22,18.86,1.68,14.00
4.00,12.00,2.14,18.00,1.73,12.00
2.00,1.00,2.28,19.14,1.64,1.00
8.00,15.00,1.47,19.00,2.69,8.00
10.00,0.00,1.54,22.00,2.62,10.00
13.00,4.00,1.23,21.83,4.20,13.00
3.00,7.00,1.94,17.50,1.90,3.00
1.00,11.00,2.09,17.67,1.78,11.00
2.00,6.00,1.78,17.83,2.07,2.00
12.00,9.00,1.58,17.33,2.44,9.00
14.00,5.00,2.33,18.17,1.61,5.00
1.00,13.00,2.07,18.46,1.79,13.00
1.00,5.00,1.46,20.58,2.76,1.00
13.00,9.00,1.61,18.82,2.35,13.00
5.00,7.00,1.40,20.76,2.99,5.00
9.00,11.00,1.87,18.09,1.96,9.00
7.00,10.00,1.64,19.05,2.28,7.00
11.00,12.00,1.41,20.45,2.92,11.00
13.00,5.00,1.62,19.15,2.33,13.00
1.00,9.00,2.09,18.35,1.77,1.00
2.00,4.00,2.00,18.06,1.83,4.00
10.00,11.00,1.51,19.06,2.59,11.00
6.00,7.00,2.38,19.61,1.59,7.00
1.00,14.00,1.16,25.00,5.12,1.00
15.00,13.00,2.39,19.06,1.60,13.00
0.00,9.00,4.26,22.33,1.22,9.00
12.00,3.00,1.19,24.22,4.54,12.00
8.00,5.00,2.36,19.89,1.59,5.00
13.00,10.00,1.35,21.83,3.17,13.00
5.00,2.00,1.16,25.67,5.00,5.00
14.00,15.00,2.48,20.17,1.54,14.00
11.00,8.00,1.31,22.67,3.40,11.00
4.00,6.00,1.48,20.67,2.61,4.00
3.00,0.00,2.40,19.08,1.57,3.00
7.00,1.00,2.50,20.17,1.53,7.00
9.00,12.00,1.45,20.67,2.76,9.00
4.00,11.00,2.39,20.57,1.58,11.00
9.00,8.00,1.36,21.28,3.18,9.00
0.00,2.00,1.39,21.43,3.03,0.00
6.00,3.00,1.36,21.86,3.16,3.00
10.00,5.00,2.71,20.71,1.47,10.00
7.00,14.00,1.39,21.14,3.01,7.00
12.00,13.00,2.38,20.29,1.59,13.00
1.00,15.00,1.43,20.86,2.86,1.00
8.00,10.00,1.76,19.19,2.07,8.00
1.00,12.00,1.31,22.50,3.50,1.00
3.00,7.00,2.04,18.86,1.79,7.00
11.00,6.00,1.34,22.69,3.26,11.00
15.00,4.00,1.57,20.63,2.41,15.00
2.00,14.00,1.98,18.75,1.84,2.00
13.00,0.00,1.32,22.75,3.41,13.00
5.00,9.00,1.85,18.69,1.98,9.00
15.00,2.00,1.53,21.00,2.53,15.00
0.00,5.00,2.20,20.06,1.68,5.00
7.00,12.00,2.22,19.56,1.66,7.00
6.00,10.00,1.47,20.50,2.70,10.00
11.00,9.00,1.72,18.94,2.13,9.00
8.00,1.00,2.41,19.56,1.58,1.00
13.00,3.00,1.24,23.38,4.07,13.00
14.00,4.00,2.49,20.00,1.54,14.00
12.00,2.00,1.28,22.43,3.74,2.00
5.00,15.00,1.31,22.00,3.51,5.00
7.00,8.00,1.60,20.17,2.37,8.00
10.00,3.00,1.58,19.57,2.44,3.00
9.00,6.00,1.47,20.50,2.68,9.00
1.00,11.00,1.58,20.36,2.40,1.00
4.00,13.00,2.82,19.83,1.43,4.00
14.00,0.00,2.22,18.50,1.66,0.00
11.00,15.00,1.59,19.50,2.38,11.00
3.00,14.00,1.76,19.07,2.09,3.00
10.00,7.00,1.46,20.50,2.76,7.00
2.00,13.00,3.71,23.14,1.28,2.00
5.00,4.00,1.58,19.64,2.39,5.00
6.00,8.00,1.25,23.00,3.88,8.00
0.00,12.00,2.76,20.29,1.46,0.00
9.00,1.00,1.71,19.00,2.15,1.00
14.00,5.00,3.61,21.93,1.29,5.00
4.00,10.00,1.63,19.50,2.29,4.00
7.00,0.00,1.48,20.83,2.66,0.00
15.00,3.00,1.25,23.00,3.94,15.00
13.00,11.00,1.45,20.71,2.77,11.00
8.00,9.00,3.13,21.07,1.37,8.00
12.00,6.00,1.44,20.86,2.79,12.00
1.00,2.00,1.11,29.64,6.54,1.00
10.00,14.00,1.50,20.81,2.61,14.00
9.00,2.00,1.13,28.00,5.57,9.00
5.00,8.00,1.25,23.63,3.92,5.00
0.00,6.00,2.69,20.57,1.47,6.00
13.00,7.00,1.21,23.13,4.40,7.00
15.00,1.00,2.77,20.75,1.45,1.00
7.00,4.00,2.37,19.94,1.59,7.00
5.00,3.00,1.19,23.38,4.64,5.00
6.00,11.00,1.17,24.86,4.86,6.00
2.00,8.00,2.09,19.25,1.75,8.00
12.00,10.00,1.56,19.31,2.43,10.00
8.00,15.00,2.79,20.75,1.44,8.00
14.00,9.00,2.57,20.06,1.51,9.00
1.00,13.00,2.21,19.31,1.68,1.00
3.00,2.00,1.67,18.81,2.21,2.00
11.00,7.00,1.25,23.50,3.88,11.00
12.00,5.00,1.44,20.88,2.79,12.00
4.00,0.00,1.45,20.75,2.78,4.00
9.00,13.00,1.58,19.94,2.39,13.00
15.00,14.00,1.37,22.06,3.05,14.00
0.00,3.00,1.49,20.50,2.62,0.00
2.00,5.00,2.62,20.75,1.49,5.00
10.00,6.00,2.31,19.81,1.63,10.00
11.00,12.00,1.72,18.89,2.15,11.00
4.00,1.00,2.27,19.86,1.64,1.00
3.00,6.00,2.82,20.33,1.44,6.00
14.00,12.00,1.65,20.21,2.25,12.00
10.00,0.00,1.61,19.14,2.33,10.00
8.00,7.00,1.54,19.75,2.50,7.00
13.00,15.00,2.77,20.57,1.45,15.00
2.00,10.00,2.71,20.44,1.47,2.00
12.00,8.00,1.17,25.25,4.91,12.00
6.00,13.00,2.43,20.06,1.56,13.00
1.00,5.00,2.01,18.94,1.80,1.00
7.00,15.00,2.73,21.06,1.46,15.00
0.00,11.00,2.22,19.44,1.67,0.00
9.00,4.00,1.44,21.13,2.79,9.00
14.00,1.00,2.40,19.50,1.58,1.00
15.00,11.00,1.61,19.25,2.34,15.00
3.00,9.00,3.02,21.25,1.39,3.00
4.00,2.00,1.39,21.25,3.04,4.00
8.00,0.00,1.51,19.75,2.57,0.00
13.00,12.00,1.42,20.75,2.91,13.00
5.00,7.00,1.24,23.00,4.05,5.00
1.00,10.00,1.42,20.36,2.90,1.00
4.00,5.00,1.98,17.81,1.85,5.00
9.00,14.00,1.45,20.06,2.78,9.00
11.00,3.00,1.44,20.75,2.79,11.00
15.00,6.00,1.96,17.56,1.87,15.00
3.00,4.00,3.24,22.43,1.34,3.00
10.00,13.00,3.71,23.71,1.27,10.00
7.00,2.00,1.40,21.71,2.97,7.00
8.00,11.00,2.30,19.71,1.61,11.00
6.00,14.00,1.35,21.64,3.22,6.00
1.00,0.00,1.30,22.57,3.53,0.00
12.00,9.00,1.97,18.64,1.85,9.00
5.00,10.00,1.77,18.59,2.06,5.00
14.00,8.00,1.58,20.44,2.38,14.00
9.00,7.00,1.19,25.31,4.54,9.00
0.00,15.00,3.47,21.75,1.31,15.00
3.00,13.00,5.72,27.06,1.13,13.00
6.00,12.00,2.20,18.94,1.67,6.00
11.00,4.00,1.61,19.38,2.33,11.00
2.00,1.00,2.75,20.38,1.45,1.00
8.00,3.00,1.31,21.00,3.33,8.00
2.00,15.00,2.77,20.88,1.45,15.00
7.00,10.00,1.93,16.94,1.90,10.00
5.00,11.00,1.94,16.94,1.89,5.00
12.00,0.00,1.20,23.25,4.48,12.00
1.00,9.00,2.02,18.50,1.82,9.00
13.00,6.00,1.33,21.88,3.29,13.00
4.00,14.00,1.39,21.69,2.98,4.00
3.00,15.00,2.44,19.44,1.57,15.00
10.00,2.00,1.44,21.22,2.76,10.00
6.00,5.00,1.56,19.83,2.42,6.00
9.00,0.00,1.19,23.44,4.62,0.00
14.00,11.00,2.25,19.33,1.66,11.00
13.00,1.00,1.25,23.13,3.84,13.00
12.00,7.00,1.33,21.63,3.30,12.00
4.00,8.00,1.56,19.83,2.44,4.00
9.00,3.00,1.43,20.89,2.79,9.00
11.00,13.00,2.38,20.19,1.58,13.00
8.00,2.00,1.43,20.67,2.83,8.00
7.00,6.00,2.14,19.11,1.71,7.00
10.00,4.00,2.19,19.39,1.67,10.00
0.00,14.00,2.11,18.67,1.73,14.00
15.00,12.00,2.45,19.44,1.55,12.00
5.00,1.00,2.19,18.67,1.68,5.00
7.00,11.00,1.60,20.06,2.33,11.00
15.00,5.00,2.45,19.50,1.53,5.00
0.00,1.00,2.66,20.00,1.46,1.00
14.00,6.00,3.42,21.40,1.30,14.00
2.00,9.00,2.69,20.00,1.45,2.00
3.00,10.00,1.72,18.50,2.10,10.00
12.00,4.00,1.55,19.30,2.43,12.00
13.00,8.00,1.34,20.20,3.22,13.00
15.00,7.00,1.40,21.13,2.99,7.00
1.00,8.00,1.45,21.33,2.75,8.00
13.00,14.00,1.20,25.38,4.38,13.00
11.00,10.00,1.42,20.50,2.87,10.00
4.00,9.00,1.69,19.56,2.18,4.00
6.00,0.00,1.21,24.75,4.35,6.00
5.00,12.00,2.10,18.45,1.74,12.00
2.00,3.00,2.08,18.20,1.77,3.00
10.00,9.00,2.75,21.44,1.44,10.00
3.00,5.00,1.82,19.79,1.97,5.00
14.00,7.00,1.83,19.14,1.97,14.00
6.00,1.00,1.49,19.50,2.58,1.00
11.00,2.00,1.34,22.50,3.26,11.00
0.00,13.00,3.01,22.63,1.38,13.00
8.00,12.00,1.92,19.13,1.90,12.00
4.00,15.00,1.83,19.19,1.99,4.00
2.00,6.00,2.42,20.36,1.56,6.00
13.00,5.00,1.43,21.49,2.84,13.00
14.00,3.00,1.52,20.10,2.49,3.00
10.00,8.00,2.14,19.62,1.72,8.00
1.00,4.00,2.40,20.13,1.58,1.00
0.00,7.00,1.70,19.99,2.17,7.00
12.00,11.00,1.46,20.79,2.72,11.00
9.00,15.00,1.99,20.08,1.84,9.00
5.00,14.00,1.79,19.29,2.05,14.00
15.00,10.00,1.45,19.79,2.81,15.00
6.00,9.00,1.67,18.90,2.23,9.00
11.00,0.00,1.48,19.68,2.70,0.00
3.00,1.00,2.02,17.69,1.84,1.00
7.00,13.00,2.44,18.79,1.57,13.00
2.00,12.00,2.43,19.75,1.57,12.00
8.00,4.00,1.61,18.24,2.37,4.00
9.00,6.00,1.47,20.20,2.67,9.00
13.00,6.00,1.39,20.60,2.97,6.00
9.00,12.00,1.39,20.00,2.91,9.00
12.00,4.00,1.62,17.88,2.30,12.00
15.00,6.00,1.31,21.25,3.36,6.00
13.00,8.00,1.27,21.75,3.68,13.00
9.00,11.00,1.43,20.50,2.81,9.00
12.00,6.00,1.64,18.88,2.23,12.00
15.00,4.00,2.11,18.63,1.72,15.00
14.00,13.00,2.78,19.80,1.44,14.00
12.00,9.00,1.21,23.40,4.16,12.00
1.00,7.00,1.29,21.60,3.51,1.00
10.00,15.00,4.14,23.20,1.21,15.00
0.00,2.00,2.01,17.60,1.79,2.00
6.00,11.00,1.44,19.60,2.72,6.00
8.00,5.00,1.82,17.20,1.98,8.00
4.00,3.00,1.18,23.80,4.68,4.00
15.00,0.00,1.05,35.00,7.86,15.00
12.00,5.00,1.52,19.50,2.52,12.00
4.00,6.00,1.47,19.90,2.65,4.00
11.00,10.00,1.09,29.60,6.26,11.00
7.00,3.00,1.53,19.50,2.47,3.00
1.00,8.00,1.73,18.30,2.09,1.00
9.00,13.00,1.58,19.20,2.36,9.00
2.00,14.00,1.75,18.70,2.05,14.00
8.00,12.00,2.29,18.90,1.60,12.00
15.00,2.00,1.28,21.80,3.53,15.00
9.00,1.00,1.25,22.00,3.86,9.00
14.00,10.00,1.48,20.20,2.66,14.00
3.00,6.00,2.93,20.60,1.39,6.00
0.00,7.00,1.68,18.70,2.17,0.00
5.00,11.00,1.65,19.30,2.21,5.00
13.00,4.00,1.64,18.90,2.23,13.00
10.00,1.00,2.19,18.30,1.66,1.00
4.00,14.00,1.12,28.60,5.83,14.00
7.00,5.00,2.22,18.50,1.64,5.00
2.00,9.00,3.54,21.60,1.29,9.00
0.00,13.00,6.38,27.00,1.10,13.00
6.00,8.00,1.43,20.60,2.77,6.00
3.00,15.00,3.14,20.80,1.35,15.00
11.00,12.00,2.03,18.10,1.78,12.00
5.00,2.00,1.60,18.30,2.31,5.00
9.00,14.00,1.25,22.40,3.79,9.00
8.00,7.00,1.37,20.60,3.00,8.00
12.00,6.00,1.44,19.60,2.71,12.00
10.00,0.00,1.32,21.20,3.26,0.00
13.00,3.00,1.17,24.60,4.62,13.00
15.00,4.00,2.35,18.70,1.57,15.00
1.00,11.00,2.00,18.10,1.80,1.00
2.00,13.00,2.95,19.75,1.40,13.00
4.00,5.00,1.16,24.75,4.94,5.00
8.00,0.00,1.35,21.25,3.19,8.00
6.00,7.00,1.39,20.50,2.95,6.00
11.00,3.00,1.62,18.88,2.28,11.00
14.00,1.00,1.81,17.88,2.00,14.00
12.00,10.00,1.19,24.75,4.49,12.00
9.00,15.00,1.45,20.38,2.75,15.00
7.00,4.00,3.06,20.38,1.37,7.00
3.00,9.00,2.65,19.63,1.48,9.00
5.00,6.00,2.03,18.38,1.78,6.00
15.00,14.00,1.45,20.50,2.72,15.00
10.00,8.00,1.75,18.25,2.07,8.00
0.00,11.00,1.95,17.88,1.85,11.00
13.00,12.00,1.51,19.00,2.54,13.00
1.00,2.00,2.05,17.88,1.77,1.00
4.00,10.00,1.30,22.69,3.40,4.00
8.00,9.00,2.67,20.17,1.47,9.00
7.00,13.00,2.36,18.03,1.59,13.00
3.00,2.00,1.65,19.03,2.24,3.00
11.00,15.00,2.10,19.50,1.72,15.00
5.00,14.00,1.80,18.30,1.99,5.00
12.00,0.00,1.21,24.97,4.24,12.00
6.00,1.00,1.47,19.91,2.64,6.00
8.00,11.00,1.23,23.20,3.91,11.00
9.00,5.00,1.30,22.11,3.45,9.00
14.00,3.00,2.13,18.93,1.71,14.00
1.00,13.00,2.61,19.87,1.50,13.00
10.00,7.00,1.67,18.71,2.20,10.00
2.00,15.00,2.16,18.31,1.69,2.00
6.00,0.00,1.30,21.97,3.51,6.00
14.00,7.00,1.99,16.73,1.83,7.00
4.00,8.00,1.69,18.10,2.15,8.00
10.00,5.00,2.06,17.16,1.78,10.00
3.00,1.00,2.49,17.14,1.55,3.00
2.00,12.00,1.59,17.67,2.37,12.00
4.00,9.00,1.61,18.90,2.27,4.00
8.00,14.00,1.63,19.04,2.27,8.00
3.00,11.00,1.66,18.76,2.20,3.00
6.00,13.00,1.99,18.12,1.81,13.00
7.00,2.00,1.64,19.04,2.24,7.00
0.00,10.00,1.74,18.31,2.09,10.00
5.00,12.00,2.60,19.60,1.48,5.00
15.00,1.00,2.35,19.18,1.58,1.00
9.00,2.00,1.27,20.53,3.74,9.00
15.00,13.00,1.68,19.20,2.17,13.00
1.00,10.00,1.43,20.05,2.79,10.00
11.00,6.00,1.50,19.31,2.56,11.00
8.00,3.00,1.52,18.50,2.52,8.00
5.00,0.00,1.69,18.52,2.16,5.00
12.00,4.00,1.90,17.60,1.89,12.00
13.00,14.00,1.70,19.05,2.13,13.00
12.00,7.00,1.89,16.90,1.91,12.00
6.00,15.00,1.52,19.89,2.50,15.00
9.00,11.00,1.15,26.80,4.94,9.00
4.00,0.00,1.85,17.70,1.94,0.00
15.00,8.00,1.31,20.55,3.38,15.00
5.00,13.00,2.74,19.54,1.45,13.00
7.00,11.00,1.55,18.32,2.45,11.00
14.00,6.00,2.09,18.38,1.74,14.00
1.00,9.00,2.23,18.30,1.64,9.00
0.00,3.00,1.75,17.74,2.08,3.00
10.00,12.00,2.69,19.96,1.47,12.00
2.00,4.00,3.75,20.69,1.27,4.00
3.00,5.00,1.56,18.16,2.40,3.00
4.00,15.00,1.46,19.25,2.71,4.00
13.00,10.00,1.19,22.68,4.55,13.00
11.00,14.00,1.46,19.21,2.72,11.00
8.00,2.00,1.58,18.90,2.33,8.00
1.00,0.00,1.46,19.18,2.70,1.00
9.00,12.00,1.50,18.89,2.58,9.00
2.00,10.00,1.42,20.31,2.85,2.00
14.00,8.00,1.78,17.45,2.04,14.00
6.00,5.00,1.37,20.69,3.03,6.00
15.00,3.00,1.33,21.26,3.25,15.00
7.00,1.00,2.46,17.87,1.55,7.00
0.00,9.00,2.44,18.50,1.54,9.00
10.00,14.00,2.64,20.20,1.46,10.00
8.00,6.00,1.71,18.50,2.09,6.00
11.00,2.00,1.44,20.40,2.73,11.00
5.00,15.00,3.10,21.20,1.35,5.00
13.00,7.00,1.13,27.00,5.30,7.00
3.00,12.00,2.62,19.90,1.47,3.00
1.00,4.00,2.55,19.90,1.50,4.00
9.00,7.00,1.34,21.69,3.19,9.00
4.00,11.00,1.47,19.30,2.63,4.00
0.00,6.00,1.52,18.70,2.49,6.00
12.00,13.00,2.66,19.18,1.47,13.00
4.00,2.00,1.14,27.80,5.12,4.00
7.00,15.00,1.80,18.20,1.99,15.00
6.00,3.00,1.44,20.00,2.72,6.00
13.00,8.00,1.36,20.80,3.06,13.00
11.00,9.00,1.79,18.30,2.01,11.00
0.00,14.00,1.71,18.50,2.12,0.00
5.00,10.00,1.38,20.40,3.01,5.00
12.00,1.00,1.70,18.60,2.14,12.00
13.00,6.00,1.24,22.00,3.80,6.00
14.00,4.00,3.02,20.80,1.37,4.00
2.00,0.00,2.12,18.60,1.70,2.00
7.00,8.00,1.60,19.00,2.29,8.00
1.00,5.00,1.54,18.70,2.43,1.00
10.00,11.00,1.72,18.50,2.09,11.00
9.00,3.00,1.35,20.60,3.11,9.00
15.00,12.00,1.67,17.63,2.18,12.00
5.00,4.00,2.72,20.40,1.44,4.00
3.00,13.00,2.58,19.80,1.49,13.00
8.00,10.00,1.40,20.60,2.89,8.00
11.00,7.00,1.52,18.80,2.53,11.00
14.00,12.00,1.70,18.70,2.12,12.00
9.00,6.00,1.42,20.60,2.82,9.00
0.00,15.00,2.06,18.13,1.75,0.00
2.00,1.00,2.58,19.80,1.49,1.00
12.00,8.00,1.61,18.30,2.28,12.00
4.00,1.00,1.51,19.00,2.52,4.00
13.00,2.00,1.29,21.40,3.43,13.00
3.00,7.00,1.74,18.50,2.07,3.00
10.00,9.00,2.19,18.30,1.66,9.00
6.00,14.00,2.25,18.30,1.63,6.00
15.00,5.00,2.29,18.70,1.60,15.00
11.00,0.00,1.49,19.50,2.57,11.00
13.00,1.00,1.71,19.00,2.11,13.00
14.00,15.00,1.40,18.90,2.93,14.00
8.00,4.00,2.61,19.60,1.48,4.00
10.00,6.00,2.18,18.90,1.66,6.00
2.00,11.00,1.68,18.90,2.15,2.00
7.00,0.00,1.31,21.00,3.33,0.00
12.00,3.00,1.36,21.60,3.06,12.00
5.00,9.00,2.14,19.00,1.68,5.00
11.00,13.00,2.55,18.75,1.50,11.00
9.00,8.00,1.56,18.90,2.39,9.00
1.00,14.00,1.99,17.00,1.81,1.00
6.00,4.00,2.08,17.00,1.74,4.00
15.00,7.00,1.52,18.80,2.49,15.00
3.00,10.00,1.42,20.00,2.78,10.00
0.00,12.00,2.05,18.88,1.75,12.00
2.00,5.00,1.89,16.90,1.91,5.00
10.00,4.00,4.85,25.25,1.16,10.00
14.00,9.00,1.23,24.00,3.89,9.00
5.00,1.00,2.41,18.70,1.55,1.00
11.00,8.00,1.54,18.50,2.44,8.00
15.00,6.00,1.45,19.80,2.71,15.00
13.00,0.00,1.46,19.60,2.68,13.00
7.00,12.00,1.45,19.80,2.71,12.00
2.00,3.00,1.46,19.50,2.67,3.00
1.00,15.00,2.12,18.50,1.71,1.00
3.00,8.00,1.67,18.50,2.18,8.00
7.00,10.00,1.34,21.00,3.20,7.00
13.00,9.00,1.53,18.70,2.46,13.00
0.00,4.00,2.46,18.75,1.54,4.00
6.00,2.00,1.41,20.00,2.85,2.00
12.00,11.00,1.46,18.80,2.70,11.00
14.00,5.00,1.73,18.90,2.08,14.00
4.00,14.00,1.62,19.07,2.31,4.00
4.00,15.00,1.43,21.00,2.80,4.00
0.00,14.00,1.76,18.75,2.06,14.00
14.00,3.00,1.54,19.96,2.51,14.00
7.00,15.00,1.49,21.20,2.66,15.00
4.00,9.00,1.16,28.02,4.91,4.00
3.00,7.00,1.52,20.36,2.50,7.00
15.00,14.00,1.84,18.69,1.97,14.00
0.00,6.00,1.54,20.36,2.45,0.00
4.00,5.00,1.58,19.10,2.40,4.00
9.00,1.00,1.45,21.39,2.72,1.00
13.00,8.00,1.08,32.39,7.01,13.00
3.00,10.00,1.32,23.07,3.37,3.00
11.00,14.00,4.03,25.41,1.23,14.00
2.00,6.00,1.80,18.42,2.01,6.00
0.00,15.00,1.56,18.58,2.44,0.00
12.00,7.00,2.50,19.48,1.53,7.00
1.00,3.00,2.59,19.92,1.50,3.00
14.00,9.00,1.56,18.84,2.41,14.00
15.00,13.00,1.42,21.67,2.83,15.00
7.00,11.00,1.12,30.28,5.70,7.00
8.00,4.00,2.27,18.83,1.63,4.00
10.00,0.00,2.96,21.54,1.39,10.00
5.00,2.00,2.60,20.53,1.49,5.00
6.00,12.00,1.49,20.85,2.61,6.00
14.00,0.00,1.59,19.10,2.34,0.00
2.00,15.00,1.67,18.69,2.19,15.00
7.00,4.00,2.32,19.10,1.60,7.00
13.00,10.00,1.25,23.21,3.78,13.00
11.00,1.00,2.35,19.09,1.58,1.00
9.00,6.00,1.47,19.84,2.66,9.00
3.00,5.00,1.50,20.24,2.55,3.00
8.00,12.00,1.94,17.25,1.85,8.00
4.00,9.00,1.45,20.54,2.74,4.00
15.00,3.00,2.02,18.52,1.80,15.00
13.00,5.00,1.45,21.43,2.74,13.00
6.00,8.00,1.46,20.32,2.72,6.00
1.00,7.00,1.82,18.62,2.00,7.00
0.00,11.00,1.16,25.94,4.87,0.00
10.00,14.00,3.29,22.32,1.33,10.00
12.00,2.00,1.74,18.52,2.10,2.00
7.00,3.00,1.82,18.53,2.01,7.00
14.00,4.00,2.02,18.33,1.80,4.00
8.00,1.00,1.94,18.60,1.87,8.00
5.00,15.00,2.91,21.95,1.41,5.00
10.00,6.00,2.21,19.65,1.68,6.00
9.00,13.00,1.61,20.30,2.32,9.00
0.00,2.00,1.75,18.86,2.07,0.00
11.00,12.00,2.67,21.69,1.46,12.00
8.00,9.00,2.92,21.63,1.41,8.00
12.00,4.00,2.10,18.74,1.76,12.00
13.00,7.00,1.46,21.52,2.74,13.00
6.00,0.00,1.56,20.23,2.43,0.00
15.00,10.00,1.26,24.24,3.87,15.00
2.00,14.00,1.53,19.59,2.51,14.00
1.00,5.00,2.25,19.80,1.65,1.00
3.00,11.00,1.23,25.52,4.09,3.00
12.00,14.00,1.38,21.71,3.00,14.00
9.00,15.00,1.59,19.84,2.35,9.00
5.00,6.00,1.67,19.27,2.20,5.00
11.00,8.00,1.62,20.04,2.28,11.00
13.00,3.00,1.64,19.78,2.27,13.00
7.00,10.00,1.33,23.63,3.38,7.00
1.00,2.00,2.47,20.23,1.54,2.00
4.00,0.00,1.27,25.38,3.69,0.00
15.00,11.00,1.26,24.08,3.78,15.00
14.00,1.00,1.70,19.16,2.16,14.00
7.00,8.00,1.51,20.53,2.57,7.00
3.00,2.00,1.58,19.50,2.37,2.00
10.00,9.00,3.31,23.08,1.32,9.00
6.00,13.00,1.71,18.53,2.16,6.00
5.00,4.00,2.58,20.52,1.51,4.00
0.00,12.00,1.91,18.52,1.91,12.00
2.00,11.00,1.42,20.86,2.84,2.00
3.00,6.00,1.36,22.07,3.11,6.00
8.00,10.00,1.43,20.98,2.84,8.00
1.00,13.00,1.84,17.93,1.98,1.00
9.00,7.00,1.28,22.48,3.69,7.00
14.00,5.00,1.97,17.89,1.84,14.00
15.00,0.00,1.55,18.85,2.44,15.00
4.00,3.00,1.38,22.52,3.04,3.00
6.00,2.00,1.60,19.40,2.31,6.00
7.00,14.00,1.58,20.48,2.37,14.00
10.00,1.00,3.01,24.27,1.38,1.00
12.00,15.00,2.44,19.70,1.55,15.00
7.00,1.00,1.50,20.67,2.61,1.00
0.00,8.00,1.49,20.99,2.63,8.00
14.00,6.00,1.81,18.43,2.01,6.00
5.00,13.00,2.46,20.08,1.55,5.00
11.00,10.00,1.47,21.24,2.69,10.00
2.00,12.00,1.80,18.52,2.04,12.00
3.00,9.00,1.44,21.80,2.80,3.00
4.00,15.00,1.36,22.64,3.16,4.00
8.00,2.00,2.46,18.77,1.56,8.00
15.00,7.00,1.39,22.20,3.01,15.00
10.00,4.00,3.00,21.44,1.40,4.00
9.00,5.00,1.59,19.40,2.37,9.00
13.00,11.00,1.44,21.33,2.73,13.00
1.00,0.00,2.15,19.17,1.71,0.00
12.00,3.00,1.51,19.97,2.58,3.00
13.00,14.00,2.36,21.03,1.60,14.00
12.00,5.00,1.74,18.47,2.12,12.00
8.00,6.00,1.57,20.31,2.41,6.00
11.00,7.00,2.33,19.79,1.60,11.00
0.00,9.00,1.47,21.27,2.69,0.00
5.00,11.00,1.41,21.75,2.85,5.00
9.00,12.00,1.48,22.00,2.61,12.00
7.00,0.00,1.60,19.25,2.31,7.00
6.00,4.00,2.86,22.00,1.41,4.00
14.00,10.00,1.36,22.50,3.10,10.00
3.00,8.00,1.48,21.25,2.59,3.00
2.00,13.00,2.14,18.50,1.70,2.00
1.00,15.00,2.15,19.00,1.70,15.00
0.00,14.00,1.40,21.60,2.87,14.00
5.00,3.00,1.92,18.60,1.87,5.00
13.00,1.00,1.82,19.00,2.01,13.00
11.00,9.00,2.13,19.20,1.71,9.00
10.00,12.00,2.28,19.00,1.61,12.00
15.00,6.00,1.43,21.50,2.79,15.00
4.00,2.00,1.53,20.20,2.46,4.00
3.00,1.00,1.43,20.84,2.82,3.00
4.00,7.00,1.68,19.61,2.17,7.00
6.00,5.00,1.73,19.41,2.09,6.00
2.00,10.00,1.34,21.67,3.23,10.00
8.00,15.00,2.01,17.67,1.82,15.00
9.00,2.00,1.51,20.25,2.54,2.00
10.00,3.00,2.68,20.86,1.47,3.00
15.00,5.00,1.72,18.65,2.13,5.00
14.00,8.00,1.80,17.83,2.02,8.00
7.00,13.00,2.27,19.70,1.62,13.00
6.00,11.00,1.48,23.66,2.68,6.00
12.00,0.00,1.87,17.83,1.95,12.00
1.00,4.00,2.55,20.46,1.51,4.00
14.00,11.00,1.28,23.09,3.61,11.00
13.00,12.00,1.20,25.35,4.34,12.00
8.00,0.00,1.92,18.72,1.89,0.00
9.00,4.00,2.42,19.91,1.56,9.00
5.00,9.00,2.30,19.69,1.62,9.00
15.00,14.00,1.51,21.28,2.53,14.00
4.00,10.00,1.16,27.50,5.07,4.00
11.00,13.00,2.30,19.52,1.61,13.00
0.00,3.00,1.62,19.69,2.28,0.00
6.00,7.00,1.44,21.89,2.75,7.00
2.00,1.00,1.43,21.68,2.82,2.00
12.00,8.00,1.50,21.06,2.58,8.00
9.00,0.00,1.24,22.94,3.93,0.00
13.00,6.00,1.39,22.00,3.00,13.00
4.00,14.00,1.47,19.90,2.68,4.00
7.00,5.00,1.77,19.05,2.06,5.00
10.00,8.00,2.57,19.90,1.50,10.00
3.00,15.00,1.47,20.35,2.67,3.00
1.00,12.00,1.39,22.09,2.99,1.00
11.00,2.00,2.28,20.33,1.59,2.00
13.00,9.00,1.37,21.77,3.12,9.00
2.00,5.00,1.99,18.51,1.82,2.00
12.00,10.00,1.39,21.05,3.00,12.00
6.00,3.00,1.70,18.44,2.15,3.00
14.00,7.00,1.49,20.35,2.62,14.00
8.00,11.00,1.32,21.68,3.31,8.00
0.00,4.00,2.06,19.06,1.76,4.00
15.00,1.00,1.61,19.08,2.30,1.00
2.00,7.00,1.33,22.73,3.26,7.00
3.00,14.00,1.83,17.67,2.00,3.00
9.00,10.00,1.35,22.85,3.16,9.00
1.00,6.00,1.36,22.39,3.11,6.00
11.00,15.00,1.77,18.17,2.06,15.00
5.00,8.00,1.44,20.95,2.75,5.00
4.00,12.00,1.09,31.93,6.62,4.00
0.00,13.00,2.60,20.46,1.49,0.00
5.00,1.00,2.52,19.51,1.53,5.00
8.00,3.00,1.66,18.84,2.22,3.00
7.00,15.00,2.13,18.64,1.71,15.00
6.00,9.00,2.16,18.64,1.70,9.00
11.00,0.00,1.52,20.75,2.51,11.00
10.00,2.00,3.96,23.34,1.24,10.00
14.00,12.00,1.34,21.54,3.22,14.00
13.00,4.00,1.72,18.85,2.12,13.00
10.00,5.00,2.15,18.80,1.70,5.00
1.00,14.00,2.01,19.04,1.83,1.00
12.00,6.00,1.52,19.59,2.54,6.00
0.00,7.00,1.35,23.21,3.23,0.00
9.00,8.00,1.55,19.61,2.48,9.00
3.00,13.00,2.14,18.95,1.72,13.00
4.00,11.00,1.37,22.70,3.12,4.00
15.00,2.00,2.50,19.08,1.54,15.00
7.00,12.00,1.67,19.67,2.21,7.00
14.00,15.00,2.15,19.34,1.69,14.00
2.00,9.00,1.39,21.96,3.01,2.00
11.00,3.00,1.65,19.03,2.29,11.00
8.00,13.00,2.45,19.95,1.56,13.00
6.00,10.00,1.49,19.98,2.67,6.00
5.00,0.00,1.73,18.54,2.12,0.00
4.00,1.00,1.52,19.02,2.57,4.00
15.00,9.00,1.73,19.06,2.13,15.00
5.00,14.00,1.50,20.06,2.61,14.00
0.00,6.00,1.34,23.03,3.27,0.00
3.00,7.00,1.41,21.89,2.97,3.00
10.00,13.00,2.78,20.49,1.44,13.00
1.00,8.00,1.24,25.71,4.05,8.00
12.00,11.00,1.84,18.81,1.95,12.00
2.00,4.00,1.64,19.60,2.24,4.00
2.00,13.00,2.45,19.24,1.57,13.00
13.00,12.00,1.38,23.77,3.07,13.00
1.00,2.00,2.02,18.40,1.80,2.00
12.00,4.00,2.02,18.39,1.80,12.00
2.00,0.00,1.34,24.20,3.22,2.00
4.00,2.00,1.42,20.71,2.87,2.00
1.00,8.00,1.50,20.60,2.58,1.00
0.00,12.00,2.42,19.40,1.57,12.00
13.00,9.00,1.75,18.61,2.09,13.00
12.00,7.00,1.20,28.51,4.29,12.00
8.00,3.00,1.47,22.36,2.67,8.00
14.00,11.00,2.36,19.45,1.60,11.00
9.00,0.00,1.32,26.00,3.31,9.00
10.00,5.00,2.13,18.49,1.72,5.00
6.00,13.00,3.15,23.98,1.35,13.00
4.00,2.00,1.64,20.31,2.25,4.00
15.00,1.00,2.61,20.99,1.50,15.00
7.00,8.00,1.80,18.92,2.01,7.00
1.00,6.00,1.10,31.82,6.48,1.00
9.00,10.00,1.06,33.58,8.23,9.00
5.00,4.00,6.45,30.91,1.10,5.00
13.00,14.00,1.08,34.20,7.30,13.00
0.00,15.00,1.35,24.60,3.14,0.00
2.00,3.00,1.38,24.11,2.99,2.00
11.00,12.00,2.75,22.00,1.44,12.00
1.00,14.00,1.12,30.91,5.80,1.00
6.00,7.00,1.90,18.00,1.90,6.00
13.00,9.00,1.94,18.92,1.87,9.00
0.00,10.00,1.10,30.38,6.39,0.00
3.00,5.00,1.35,24.59,3.08,3.00
8.00,11.00,1.58,20.31,2.38,8.00
15.00,2.00,2.32,20.79,1.61,2.00
4.00,12.00,1.28,24.59,3.72,12.00
8.00,13.00,2.09,19.99,1.73,8.00
12.00,3.00,1.55,21.92,2.40,12.00
10.00,15.00,3.89,24.60,1.26,15.00
2.00,6.00,1.19,27.53,4.44,2.00
7.00,4.00,2.78,22.83,1.43,7.00
14.00,9.00,4.43,26.94,1.20,9.00
5.00,0.00,1.84,18.80,1.96,0.00
11.00,1.00,1.58,20.78,2.36,1.00
12.00,10.00,1.18,26.50,4.55,12.00
2.00,8.00,1.49,20.25,2.59,2.00
14.00,15.00,2.75,20.75,1.44,15.00
6.00,0.00,2.31,19.00,1.61,0.00
1.00,7.00,1.20,25.00,4.33,1.00
9.00,5.00,1.23,24.50,4.05,5.00
13.00,11.00,1.43,20.75,2.80,13.00
3.00,4.00,2.75,20.75,1.44,4.00
15.00,9.00,2.74,22.29,1.44,15.00
5.00,1.00,2.95,22.67,1.39,1.00
10.00,2.00,2.77,21.74,1.44,2.00
3.00,6.00,1.30,23.39,3.52,6.00
7.00,12.00,2.21,19.99,1.67,7.00
4.00,13.00,1.50,22.01,2.58,4.00
0.00,11.00,1.48,21.84,2.63,11.00
5.00,14.00,1.39,22.52,3.01,5.00
6.00,4.00,2.63,21.25,1.48,4.00
7.00,15.00,1.65,19.83,2.21,15.00
13.00,10.00,1.27,25.06,3.63,13.00
11.00,3.00,1.37,22.05,3.10,3.00
1.00,2.00,1.27,24.60,3.64,2.00
9.00,8.00,1.38,22.03,3.00,9.00
0.00,12.00,1.20,25.78,4.44,0.00
2.00,13.00,2.39,20.82,1.56,2.00
15.00,11.00,1.70,18.97,2.15,15.00
14.00,6.00,1.68,18.88,2.19,6.00
10.00,9.00,2.60,21.72,1.49,9.00
3.00,7.00,1.78,18.77,2.04,3.00
1.00,0.00,1.64,19.82,2.25,1.00
12.00,5.00,1.50,21.40,2.59,5.00
0.00,2.00,1.22,25.53,4.17,0.00
4.00,9.00,1.44,21.80,2.74,4.00
6.00,1.00,1.42,21.81,2.82,1.00
8.00,7.00,1.46,21.41,2.70,8.00
5.00,3.00,1.53,21.01,2.50,5.00
9.00,1.00,1.65,19.62,2.22,9.00
3.00,2.00,1.80,18.35,2.01,3.00
7.00,0.00,1.53,20.88,2.48,7.00
11.00,10.00,1.22,25.76,4.14,11.00
13.00,8.00,1.33,22.94,3.32,13.00
5.00,15.00,1.82,18.41,2.00,15.00
4.00,14.00,1.22,26.89,4.36,4.00
8.00,5.00,1.38,22.99,3.02,8.00
2.00,12.00,2.15,19.86,1.70,2.00
7.00,13.00,2.72,22.21,1.45,7.00
14.00,10.00,1.99,19.29,1.82,14.00
0.00,6.00,1.48,22.21,2.59,0.00
1.00,11.00,1.47,22.67,2.64,1.00
15.00,4.00,2.89,22.91,1.41,4.00
10.00,12.00,1.82,18.29,1.99,10.00
9.00,7.00,1.66,19.29,2.21,9.00
13.00,15.00,1.51,20.87,2.55,13.00
11.00,14.00,2.03,18.27,1.78,11.00
1.00,3.00,1.25,24.60,3.94,1.00
2.00,15.00,1.63,20.90,2.27,15.00
4.00,11.00,1.64,19.86,2.25,4.00
7.00,10.00,1.40,21.81,2.94,10.00
5.00,13.00,4.23,25.00,1.21,13.00
3.00,9.00,2.19,19.62,1.67,9.00
14.00,0.00,2.22,19.87,1.66,0.00
12.00,1.00,2.14,19.81,1.70,1.00
6.00,8.00,1.62,20.16,2.26,6.00
0.00,4.00,2.03,18.41,1.79,0.00
8.00,2.00,1.26,23.67,3.72,2.00
10.00,6.00,2.09,18.89,1.74,10.00
11.00,5.00,1.35,22.67,3.21,11.00
9.00,14.00,1.25,24.58,3.87,9.00
13.00,12.00,1.48,20.39,2.68,13.00
15.00,3.00,1.83,18.42,2.00,3.00
5.00,7.00,1.43,23.75,2.78,7.00
8.00,1.00,2.18,19.25,1.68,8.00
6.00,15.00,1.50,21.25,2.58,6.00
2.00,10.00,1.50,21.25,2.57,10.00
4.00,3.00,1.43,22.00,2.84,4.00
11.00,8.00,1.66,19.75,2.21,11.00
0.00,9.00,1.80,18.25,2.01,0.00
7.00,6.00,1.83,18.25,1.98,7.00
3.00,14.00,1.40,21.75,2.94,3.00
1.00,13.00,2.31,19.75,1.61,1.00
10.00,4.00,3.01,22.25,1.39,4.00
15.00,12.00,3.51,24.25,1.29,12.00
2.00,5.00,2.88,21.75,1.41,5.00
13.00,7.00,1.23,27.00,4.18,13.00
15.00,5.00,1.78,19.25,2.04,5.00
9.00,2.00,1.40,23.50,2.91,9.00
6.00,11.00,1.47,21.75,2.67,11.00
3.00,10.00,1.42,22.25,2.83,3.00
14.00,8.00,2.34,20.75,1.58,8.00
12.00,0.00,1.42,23.00,2.85,12.00
4.00,1.00,1.59,20.25,2.33,4.00
14.00,13.00,2.43,20.25,1.54,13.00
12.00,9.00,1.51,21.25,2.53,9.00
8.00,0.00,1.60,20.00,2.32,8.00
11.00,4.00,1.54,20.25,2.43,11.00
1.00,15.00,1.49,22.00,2.58,1.00
4.00,6.00,1.50,21.25,2.55,4.00
8.00,12.00,2.63,21.75,1.48,8.00
7.00,3.00,1.62,20.25,2.28,3.00
10.00,14.00,2.26,19.75,1.63,14.00
0.00,5.00,1.46,22.00,2.72,0.00
2.00,11.00,2.61,21.25,1.49,2.00
9.00,13.00,1.93,18.13,1.88,13.00
3.00,0.00,1.75,18.75,2.07,3.00
7.00,1.00,1.74,19.25,2.08,1.00
11.00,9.00,1.71,19.50,2.13,11.00
13.00,6.00,1.44,21.75,2.74,6.00
14.00,4.00,2.41,20.25,1.56,4.00
12.00,2.00,1.25,24.25,3.80,12.00
5.00,10.00,1.54,20.25,2.46,5.00
15.00,13.00,2.78,23.75,1.42,15.00
2.00,1.00,2.49,21.25,1.53,1.00
10.00,11.00,2.40,20.17,1.55,11.00
6.00,14.00,1.46,23.00,2.63,6.00
5.00,9.00,2.56,21.75,1.50,9.00
4.00,8.00,1.43,22.50,2.78,8.00
3.00,12.00,2.55,21.25,1.50,12.00
0.00,7.00,1.35,24.75,3.13,0.00
1.00,5.00,1.88,17.75,1.94,1.00
9.00,15.00,1.38,23.00,3.04,9.00
8.00,6.00,1.62,20.25,2.26,8.00
13.00,3.00,1.23,26.50,4.08,13.00
11.00,0.00,1.60,20.25,2.33,0.00
10.00,7.00,1.78,18.75,2.04,7.00
14.00,12.00,2.53,20.75,1.52,12.00
2.00,4.00,2.58,21.50,1.50,4.00
7.00,11.00,2.12,19.25,1.73,7.00
8.00,9.00,2.47,21.50,1.54,8.00
1.00,10.00,1.56,20.25,2.43,1.00
6.00,5.00,1.46,21.25,2.71,5.00
13.00,0.00,1.19,27.00,4.44,0.00
3.00,15.00,1.89,18.25,1.91,3.00
14.00,2.00,2.26,20.00,1.64,14.00
12.00,4.00,1.46,21.33,2.67,4.00
9.00,3.00,1.18,27.67,4.50,3.00
4.00,10.00,1.39,23.50,2.97,4.00
5.00,8.00,1.51,20.75,2.53,5.00
11.00,13.00,1.78,18.75,2.03,13.00
2.00,7.00,1.36,23.75,3.10,2.00
6.00,12.00,1.53,20.25,2.48,12.00
0.00,1.00,1.67,19.75,2.19,0.00
15.00,14.00,2.34,20.25,1.59,15.00
10.00,8.00,1.67,19.25,2.20,8.00
9.00,6.00,1.51,21.25,2.51,6.00
7.00,14.00,1.49,21.25,2.58,14.00
11.00,15.00,1.35,22.50,3.16,11.00
3.00,1.00,2.48,21.25,1.52,1.00
4.00,0.00,1.48,21.25,2.62,4.00
12.00,13.00,1.65,19.75,2.21,12.00
5.00,2.00,1.58,19.75,2.36,2.00
15.00,7.00,1.52,20.33,2.51,15.00
14.00,5.00,1.56,20.33,2.41,5.00
0.00,8.00,1.42,23.33,2.85,0.00
1.00,9.00,2.52,21.67,1.51,1.00
10.00,3.00,1.42,21.67,2.87,10.00
6.00,2.00,1.40,22.33,2.95,6.00
12.00,11.00,1.69,20.33,2.15,12.00
13.00,4.00,1.40,22.67,2.93,13.00
